Name,Location,Year,Kilometers_Driven,Fuel_Type,Transmission,Mileage,Engine,Power,New_Price,Price
Honda Jazz V,Chennai,2011,46000,Petrol,Manual,18.2,1199.0,88.7,8.61 Lakh,4.5
Toyota Innova Crysta 2.8 GX AT 8S,Mumbai,2016,36000,Diesel,Automatic,11.36,2755.0,171.5,21 Lakh,17.5
Maruti Ciaz Zeta,Kochi,2018,25692,Petrol,Manual,21.56,1462.0,103.25,10.65 Lakh,9.95
BMW 3 Series 320d,Kochi,2014,32982,Diesel,Automatic,22.69,1995.0,190.0,47.87 Lakh,18.55
Honda WRV i-VTEC VX,Kochi,2018,37430,Petrol,Manual,17.5,1199.0,88.7,10.57 Lakh,9.9
Volkswagen Vento 1.6 Highline,Coimbatore,2014,55431,Petrol,Manual,16.09,1598.0,103.5,12.33 Lakh,6.98
Maruti Vitara Brezza ZDi Plus,Kochi,2018,50075,Diesel,Manual,24.3,1248.0,88.5,11.12 Lakh,8.63
Hyundai Elantra 2.0 SX Option AT,Bangalore,2014,46374,Petrol,Automatic,14.62,1999.0,149.92,23.64 Lakh,8.85
Toyota Innova Crysta 2.7 GX MT,Bangalore,2012,70704,Petrol,Manual,11.25,2694.0,163.7,18.64 Lakh,10.95
Toyota Innova Crysta 2.4 GX MT 8S,Mumbai,2017,22000,Diesel,Manual,13.68,2393.0,147.8,19.34 Lakh,16.5
Hyundai Creta 1.4 E Plus Diesel,Mumbai,2018,13000,Diesel,Manual,22.1,1396.0,88.7,11.81 Lakh,10.5
Nissan Terrano XV D Pre,Kochi,2015,56066,Diesel,Manual,19.64,1461.0,108.5,16.65 Lakh,6.92
Tata Zest Revotron 1.2T XE,Pune,2017,70000,Petrol,Manual,17.57,1193.0,88.7,6.67 Lakh,4.5
Datsun GO Plus T Petrol,Pune,2017,32851,Petrol,Manual,19.83,1198.0,67.0,6.45 Lakh,3.95
Toyota Etios Liva 1.2 G,Ahmedabad,2014,53000,Petrol,Manual,17.71,1197.0,78.9,6.41 Lakh,3.9
Toyota Innova Crysta 2.8 ZX AT,Mumbai,2017,30000,Diesel,Automatic,11.36,2755.0,171.5,27 Lakh,19.25
Maruti Eeco 5 Seater AC,Coimbatore,2017,38053,Petrol,Manual,15.1,1196.0,73.0,5.13 Lakh,3.91
BMW 3 Series 320d Luxury Line,Mumbai,2015,56087,Diesel,Automatic,22.69,1995.0,190.0,54.43 Lakh,20.75
Nissan Micra XV CVT,Coimbatore,2016,39882,Petrol,Automatic,19.15,1198.0,75.94,9.51 Lakh,6.55
Maruti Vitara Brezza VDi,Mumbai,2016,55000,Diesel,Manual,24.3,1248.0,88.5,9.96 Lakh,7.5
Hyundai Verna CRDi 1.6 SX Option,Kolkata,2018,10250,Diesel,Manual,22.0,1582.0,126.2,14.44 Lakh,10.95
Maruti Alto K10 VXI,Hyderabad,2014,88500,Petrol,Manual,24.07,998.0,67.1,4.53 Lakh,2.6
Hyundai Verna VTVT 1.6 AT SX Plus,Kochi,2019,12645,Petrol,Automatic,17.0,1591.0,121.3,13.49 Lakh,11.5
BMW 3 Series Luxury Line,Mumbai,2014,48000,Diesel,Automatic,21.76,1995.0,190.0,60.88 Lakh,26.5
Hyundai Grand i10 1.2 Kappa Asta,Kolkata,2019,1000,Petrol,Manual,18.9,1197.0,81.86,7.39 Lakh,6.5
BMW 5 Series 520d Luxury Line,Hyderabad,2014,51000,Diesel,Automatic,22.48,1995.0,190.0,69.47 Lakh,33.5
Maruti Baleno Alpha,Kochi,2017,24773,Petrol,Manual,21.4,1197.0,83.1,8.78 Lakh,7.5
Maruti Ertiga ZDI,Mumbai,2016,33000,Diesel,Manual,25.47,1248.0,88.5,12.74 Lakh,8.5
Mahindra NuvoSport N6,Chennai,2017,29000,Diesel,Manual,17.45,1493.0,100.0,10.52 Lakh,6.5
Maruti Vitara Brezza ZDi Plus Dual Tone,Mumbai,2016,20000,Diesel,Manual,24.3,1248.0,88.5,11.98 Lakh,9.0
Honda Amaze S Diesel,Kolkata,2013,45000,Diesel,Manual,27.4,1498.0,98.6,8.54 Lakh,3.25
Skoda Superb Style 1.8 TSI AT,Hyderabad,2017,26000,Petrol,Automatic,14.67,1798.0,177.46,33.58 Lakh,26.0
Maruti Wagon R VXI,Kolkata,2013,32000,Petrol,Manual,22.5,998.0,67.04,5.29 Lakh,2.65
Mini Cooper Convertible S,Kochi,2017,26327,Petrol,Automatic,16.82,1998.0,189.08,44.28 Lakh,35.67
Toyota Innova Crysta 2.8 GX AT,Kochi,2019,14165,Diesel,Automatic,11.36,2755.0,171.5,20.74 Lakh,19.64
Honda City i-VTEC V,Kolkata,2011,32572,Petrol,Manual,17.4,1497.0,117.3,11.74 Lakh,3.87
Toyota Innova Crysta 2.4 ZX MT,Pune,2017,43000,Diesel,Manual,13.68,2393.0,147.8,25.52 Lakh,18.65
Tata Zest Quadrajet 1.3 75PS XE,Pune,2018,45000,Diesel,Manual,22.95,1248.0,74.0,8.34 Lakh,5.25
Honda Jazz VX,Delhi,2015,62178,Petrol,Manual,18.2,1199.0,88.7,8.85 Lakh,4.85
Toyota Innova Crysta 2.4 ZX MT,Chennai,2016,48000,Diesel,Manual,13.68,2393.0,147.8,25.4 Lakh,20.25
Honda City i-VTEC CVT ZX,Mumbai,2017,15000,Petrol,Automatic,18.0,1497.0,117.3,16.67 Lakh,12.69
Honda Brio 1.2 VX MT,Kochi,2012,91931,Petrol,Manual,18.5,1198.0,86.8,6.62 Lakh,3.13
Maruti Vitara Brezza LDi,Chennai,2016,45000,Diesel,Manual,24.3,1248.0,88.5,9.12 Lakh,7.15
BMW 3 Series Luxury Line,Kochi,2015,30717,Diesel,Automatic,21.76,1995.0,190.0,58.67 Lakh,25.99
Skoda Octavia RS,Jaipur,2005,100000,Petrol,Automatic,14.45,1984.0,227.0,28.37 Lakh,2.05
Maruti Alto K10 VXI,Pune,2017,30000,Petrol,Manual,24.07,998.0,67.1,4.48 Lakh,3.75
Skoda Superb L&K 1.8 TSI AT,Kochi,2019,13747,Petrol,Automatic,14.67,1798.0,177.46,36.15 Lakh,27.3
Mini Clubman Cooper S,Pune,2017,8350,Petrol,Manual,13.8,1998.0,192.0,44.59 Lakh,35.0
Maruti Vitara Brezza ZDi Plus,Hyderabad,2017,39000,Diesel,Manual,24.3,1248.0,88.5,12 Lakh,9.49
Honda BRV i-VTEC V CVT,Kochi,2017,35676,Petrol,Automatic,16.0,1497.0,117.3,14.65 Lakh,9.48
Jaguar XE Portfolio,Mumbai,2017,9000,Petrol,Automatic,13.5,1999.0,246.74,53.72 Lakh,34.5
Mitsubishi Pajero Sport 4X2 AT DualTone BlackTop,Hyderabad,2018,12000,Diesel,Automatic,13.5,2477.0,175.56,33.91 Lakh,28.0
BMW 3 Series Luxury Line,Mumbai,2015,41000,Diesel,Automatic,21.76,1995.0,190.0,60.88 Lakh,25.5
Honda BR-V i-VTEC S MT,Pune,2017,9000,Petrol,Manual,15.4,1497.0,117.3,12.51 Lakh,8.5
Hyundai i20 Active SX Petrol,Jaipur,2017,40250,Petrol,Manual,17.19,1197.0,81.86,9.74 Lakh,6.9
Audi A6 35 TFSI Matrix,Mumbai,2016,47000,Petrol,Automatic,15.26,1798.0,187.74,60.59 Lakh,24.5
Mini Cooper Convertible S,Mumbai,2014,11900,Petrol,Automatic,16.82,1998.0,189.08,44.28 Lakh,28.5
Mahindra Bolero ZLX,Coimbatore,2016,82756,Diesel,Manual,15.96,2523.0,62.1,11.28 Lakh,7.7
Volkswagen Vento 1.6 Comfortline,Mumbai,2017,15000,Petrol,Manual,16.09,1598.0,103.5,11.48 Lakh,7.1
Maruti S-Cross Delta DDiS 200 SH,Delhi,2018,12923,Diesel,Manual,25.1,1248.0,88.5,11.26 Lakh,8.92
Audi Q3 35 TDI Quattro Premium Plus,Coimbatore,2016,86642,Diesel,Automatic,15.17,1968.0,181.0,43.65 Lakh,20.37
Maruti Wagon R LXI,Ahmedabad,2012,30000,Petrol,Manual,22.5,998.0,67.04,4.74 Lakh,3.3
Hyundai Creta 1.6 SX,Chennai,2016,69434,Petrol,Manual,15.8,1591.0,121.3,14.84 Lakh,8.0
BMW X1 sDrive 20d xLine,Coimbatore,2017,31645,Diesel,Automatic,20.68,1995.0,190.0,48.18 Lakh,29.4
Skoda Rapid 1.5 TDI Style,Hyderabad,2017,31000,Diesel,Manual,21.13,1498.0,108.4,15.38 Lakh,10.5
Toyota Innova Crysta 2.8 GX AT,Ahmedabad,2016,100200,Diesel,Automatic,11.36,2755.0,171.5,19.21 Lakh,17.0
Jeep Compass 2.0 Limited,Jaipur,2018,29000,Diesel,Manual,17.1,1956.0,170.0,22.95 Lakh,19.0
Volkswagen Polo 1.5 TDI Highline,Coimbatore,2018,33558,Diesel,Manual,20.14,1498.0,88.0,10.32 Lakh,8.12
Toyota Innova Crysta 2.8 ZX AT,Coimbatore,2019,40674,Diesel,Automatic,11.36,2755.0,171.5,28.05 Lakh,24.82
Volkswagen Vento 1.5 TDI Highline AT,Mumbai,2016,25000,Diesel,Automatic,21.5,1498.0,108.5,15.86 Lakh,9.45
Toyota Innova Crysta 2.4 GX MT 8S,Hyderabad,2017,52000,Diesel,Manual,13.68,2393.0,147.8,19.43 Lakh,17.5
Maruti Vitara Brezza ZDi,Pune,2016,21558,Diesel,Manual,24.3,1248.0,88.5,10.65 Lakh,8.9
Mini Cooper 5 DOOR D,Mumbai,2016,11000,Diesel,Automatic,20.7,1496.0,113.98,42.12 Lakh,29.5
Tata Safari Storme VX Varicor 400,Jaipur,2017,37000,Diesel,Manual,14.1,2179.0,154.0,16.95 Lakh,11.25
Honda BR-V i-DTEC VX MT,Kochi,2017,32249,Diesel,Manual,21.9,1498.0,98.6,15.45 Lakh,10.79
Maruti Ignis 1.2 Alpha,Mumbai,2017,7000,Petrol,Manual,20.89,1197.0,81.8,7.87 Lakh,5.7
Maruti Alto K10 VXI,Bangalore,2011,64357,Petrol,Manual,24.07,998.0,67.1,4.7 Lakh,2.75
Honda BRV i-VTEC V CVT,Mumbai,2017,18000,Petrol,Automatic,16.0,1497.0,117.3,15.02 Lakh,9.25
Maruti Vitara Brezza ZDi Plus Dual Tone,Coimbatore,2017,18108,Diesel,Manual,24.3,1248.0,88.5,12.56 Lakh,11.31
Nissan Sunny XV CVT,Kochi,2013,37199,Petrol,Automatic,17.5,1498.0,99.6,11.33 Lakh,5.43
Toyota Innova Crysta 2.4 ZX MT,Bangalore,2017,64798,Diesel,Manual,13.68,2393.0,147.8,26.45 Lakh,18.75
Maruti Dzire AMT ZXI Plus,Hyderabad,2017,13000,Petrol,Automatic,22.0,1197.0,81.8,10.34 Lakh,8.5
Hyundai Grand i10 1.2 CRDi Magna,Kolkata,2017,14000,Diesel,Manual,24.0,1186.0,73.97,7.46 Lakh,4.9
Honda City i-VTEC V,Delhi,2014,55818,Petrol,Manual,17.4,1497.0,117.3,11.85 Lakh,5.7
Maruti Ertiga VDI,Ahmedabad,2017,63939,Diesel,Manual,25.47,1248.0,88.5,10.41 Lakh,7.75
Maruti Celerio VXI AMT,Delhi,2014,35214,Petrol,Automatic,23.1,998.0,67.04,5.57 Lakh,3.2
Mini Cooper 5 DOOR D,Hyderabad,2014,60000,Diesel,Automatic,20.7,1496.0,113.98,42.48 Lakh,23.5
Honda City i-VTEC CVT VX,Bangalore,2015,18955,Petrol,Automatic,18.0,1497.0,117.3,16.04 Lakh,10.65
Honda Jazz VX,Kochi,2018,20024,Petrol,Manual,18.2,1199.0,88.7,9.1 Lakh,8.46
Ford Figo Titanium Diesel,Kolkata,2015,72035,Diesel,Manual,25.5,1498.0,99.0,7.65 Lakh,2.5
Hyundai Creta 1.6 SX,Ahmedabad,2016,21000,Petrol,Manual,15.8,1591.0,121.3,13.74 Lakh,10.9
Maruti Wagon R VXI,Coimbatore,2015,72599,Petrol,Manual,22.5,998.0,67.04,5.72 Lakh,4.32
Mahindra XUV500 W9 AT,Coimbatore,2019,19654,Diesel,Automatic,14.0,2179.0,155.0,21.33 Lakh,17.63
Honda Amaze VX Diesel,Hyderabad,2018,12000,Diesel,Manual,27.4,1498.0,98.6,10.34 Lakh,8.5
Maruti Alto K10 LXI,Pune,2014,49000,Petrol,Manual,24.07,998.0,67.1,4.29 Lakh,2.3
Volkswagen Ameo 1.5 TDI Highline,Mumbai,2017,51000,Diesel,Manual,21.66,1498.0,108.62,10.04 Lakh,6.45
Toyota Innova Crysta 2.4 ZX MT,Pune,2017,43200,Diesel,Manual,13.68,2393.0,147.8,25.52 Lakh,18.6
Hyundai Xcent 1.2 CRDi S,Jaipur,2018,25302,Diesel,Manual,25.4,1186.0,73.97,8.56 Lakh,5.9
Toyota Innova Crysta 2.8 ZX AT,Kochi,2018,41736,Diesel,Automatic,11.36,2755.0,171.5,27 Lakh,19.92
Renault KWID 1.0 RXT Optional,Jaipur,2017,63262,Petrol,Manual,21.7,999.0,67.0,4.78 Lakh,3.25
Maruti Celerio VXI Optional AMT,Pune,2017,7500,Petrol,Automatic,23.1,998.0,67.04,6.14 Lakh,5.0
Maruti Dzire VXI,Kolkata,2011,46687,Petrol,Manual,22.0,1197.0,81.8,7.3 Lakh,2.7
Datsun redi-GO T Option,Bangalore,2016,20487,Petrol,Manual,22.7,799.0,53.64,4.37 Lakh,2.66
Maruti Eeco 7 Seater Standard,Coimbatore,2012,56661,Petrol,Manual,15.1,1196.0,73.0,4.98 Lakh,3.61
Honda City i-VTEC CVT VX,Mumbai,2015,30000,Petrol,Automatic,18.0,1497.0,117.3,15.29 Lakh,8.65
Jeep Compass 2.0 Limited 4X4,Mumbai,2017,52000,Diesel,Manual,16.3,1956.0,170.0,24.26 Lakh,20.0
Maruti Baleno Alpha Diesel,Kolkata,2016,29000,Diesel,Manual,27.39,1248.0,74.0,9.53 Lakh,6.5
Toyota Innova Crysta 2.4 ZX MT,Coimbatore,2018,92056,Diesel,Manual,13.68,2393.0,147.8,26.45 Lakh,18.39
Honda Jazz VX Diesel,Mumbai,2016,38000,Diesel,Manual,27.3,1498.0,98.6,11.15 Lakh,6.21
BMW 5 Series 520d Luxury Line,Mumbai,2012,61240,Diesel,Automatic,22.48,1995.0,190.0,70.43 Lakh,17.5
Renault KWID RXT Optional,Hyderabad,2018,1900,Petrol,Manual,25.17,799.0,53.3,4.8 Lakh,4.45
Ford Ecosport Signature Edition Diesel,Coimbatore,2019,23154,Diesel,Manual,23.0,1498.0,98.96,12.12 Lakh,11.65
Toyota Innova Crysta 2.4 GX MT,Chennai,2017,67489,Diesel,Manual,13.68,2393.0,147.8,19.37 Lakh,16.5
Volkswagen Vento 1.5 TDI Comfortline,Coimbatore,2014,56658,Diesel,Manual,20.64,1498.0,108.5,12.14 Lakh,5.39
Jeep Compass 1.4 Limited Option,Mumbai,2017,4000,Petrol,Automatic,16.0,1368.0,160.0,23.68 Lakh,17.75
Audi A4 35 TDI Technology,Hyderabad,2015,45000,Diesel,Automatic,18.25,1968.0,187.74,55.61 Lakh,25.0
Ford EcoSport 1.5 Petrol Titanium Plus AT,Coimbatore,2018,18385,Petrol,Automatic,14.8,1497.0,121.36,14.1 Lakh,12.41
Maruti S-Cross Zeta DDiS 200 SH,Coimbatore,2016,74611,Diesel,Manual,25.1,1248.0,88.5,13.26 Lakh,7.94
Maruti Vitara Brezza ZDi Plus,Kochi,2019,34688,Diesel,Manual,24.3,1248.0,88.5,11.2 Lakh,10.49
Tata Zest Revotron 1.2 XT,Mumbai,2014,40000,Petrol,Manual,17.57,1193.0,88.7,8.56 Lakh,3.95
Maruti Vitara Brezza VDi,Kolkata,2017,35000,Diesel,Manual,24.3,1248.0,88.5,9.46 Lakh,6.5
Mahindra XUV300 W8 Diesel,Chennai,2012,97000,Diesel,Manual,20.0,1497.0,115.0,12.79 Lakh,7.25
Hyundai Verna CRDi 1.6 SX Option,Kochi,2014,89614,Diesel,Manual,22.0,1582.0,126.2,15.57 Lakh,6.01
Tata Hexa XT,Delhi,2017,55000,Diesel,Manual,17.6,2179.0,153.86,19.86 Lakh,12.0
Tata Tiago 1.2 Revotron XZ,Coimbatore,2018,9565,Petrol,Manual,23.84,1199.0,84.0,6.59 Lakh,5.88
Mini Cooper 5 DOOR D,Ahmedabad,2014,34000,Diesel,Automatic,20.7,1496.0,113.98,42.12 Lakh,22.0
Hyundai Grand i10 1.2 Kappa Magna,Delhi,2017,8471,Petrol,Manual,18.9,1197.0,81.86,6.54 Lakh,5.0
Toyota Innova Crysta 2.8 ZX AT,Hyderabad,2016,69000,Diesel,Automatic,11.36,2755.0,171.5,26.56 Lakh,19.75
Renault Duster 110PS Diesel RxZ AMT,Coimbatore,2017,30090,Diesel,Automatic,19.6,1461.0,108.45,15.05 Lakh,11.44
Mahindra Bolero ZLX,Mumbai,2016,40448,Diesel,Manual,15.96,2523.0,62.1,11.01 Lakh,3.5
Maruti Vitara Brezza ZDi,Coimbatore,2018,64456,Diesel,Manual,24.3,1248.0,88.5,11 Lakh,10.46
Honda Amaze S Petrol,Kochi,2016,51672,Petrol,Manual,19.5,1199.0,88.76,7.55 Lakh,5.68
Hyundai Grand i10 1.2 Kappa Asta,Hyderabad,2017,20000,Petrol,Manual,18.9,1197.0,81.86,7.82 Lakh,5.98
Hyundai Grand i10 1.2 Kappa Magna,Kochi,2018,50234,Petrol,Manual,18.9,1197.0,81.86,6.32 Lakh,4.77
Hyundai Verna VTVT 1.6 AT SX Option,Mumbai,2015,40600,Petrol,Automatic,17.0,1591.0,121.3,15.14 Lakh,7.2
Hyundai Verna CRDi 1.6 AT SX Option,Ahmedabad,2013,87000,Diesel,Automatic,22.0,1582.0,126.2,15.72 Lakh,5.9
Volvo S60 D4 Momentum,Hyderabad,2015,51000,Diesel,Automatic,27.03,1969.0,190.0,45.67 Lakh,25.0
BMW 3 Series 320d Luxury Line,Chennai,2012,65000,Diesel,Automatic,22.69,1995.0,190.0,54.7 Lakh,14.0
Toyota Innova Crysta 2.4 VX MT,Hyderabad,2017,24393,Diesel,Manual,13.68,2393.0,147.8,22.87 Lakh,20.4
Volkswagen Polo 1.0 MPI Trendline,Hyderabad,2019,1000,Petrol,Manual,18.78,999.0,75.0,6.74 Lakh,5.68
Mitsubishi Pajero Sport 4X4,Mumbai,2013,59000,Diesel,Manual,13.5,2477.0,175.56,33.09 Lakh,12.75
Toyota Corolla Altis 1.8 VL CVT,Delhi,2017,21000,Petrol,Automatic,14.28,1798.0,138.03,23.25 Lakh,18.0
Toyota Corolla Altis 1.4 DG,Ahmedabad,2012,52000,Diesel,Manual,21.43,1364.0,86.79,19.27 Lakh,6.5
Mahindra Xylo D4,Chennai,2016,85000,Diesel,Manual,14.95,2489.0,93.7,11.67 Lakh,6.15
Maruti Swift VDI,Kochi,2017,34613,Diesel,Manual,28.4,1248.0,74.0,7.92 Lakh,6.24
Hyundai Xcent 1.2 VTVT S,Bangalore,2014,54000,Petrol,Manual,20.14,1197.0,81.86,7.85 Lakh,5.5
Honda City i-VTEC CVT VX,Kochi,2018,22974,Petrol,Automatic,18.0,1497.0,117.3,15.55 Lakh,11.97
Toyota Fortuner 2.8 2WD MT,Ahmedabad,2015,65012,Diesel,Manual,14.24,2755.0,174.5,32.45 Lakh,18.9
Maruti Eeco 7 Seater Standard,Hyderabad,2015,90413,Petrol,Manual,15.1,1196.0,73.0,4.83 Lakh,2.95
Maruti Swift LDI,Mumbai,2015,14000,Diesel,Manual,28.4,1248.0,74.0,7.13 Lakh,5.25
BMW 5 Series 520d Luxury Line,Coimbatore,2012,44450,Diesel,Automatic,22.48,1995.0,190.0,71.82 Lakh,24.68
BMW X1 M Sport sDrive 20d,Mumbai,2016,31000,Diesel,Automatic,17.05,1995.0,190.0,50.97 Lakh,29.5
Fiat Linea Classic Plus 1.3 Multijet,Jaipur,2013,86000,Diesel,Manual,19.5,1248.0,75.0,9.5 Lakh,2.5
BMW 3 Series 320d Luxury Line,Kochi,2013,37613,Diesel,Automatic,22.69,1995.0,190.0,52.46 Lakh,13.95
Maruti Ignis 1.2 Delta,Coimbatore,2019,16862,Petrol,Manual,20.89,1197.0,81.8,6.07 Lakh,6.06
Maruti Alto K10 VXI,Kolkata,2018,2100,Petrol,Manual,24.07,998.0,67.1,4.33 Lakh,3.6
Hyundai Grand i10 1.2 Kappa Sportz AT,Coimbatore,2018,20667,Petrol,Automatic,18.9,1197.0,81.86,8.63 Lakh,7.55
Hyundai Grand i10 1.2 Kappa Sportz,Kochi,2019,18453,Petrol,Manual,18.9,1197.0,81.86,6.68 Lakh,6.17
Hyundai Verna CRDi 1.6 SX,Hyderabad,2008,96578,Diesel,Manual,22.0,1582.0,126.2,14.07 Lakh,2.5
Renault Duster 110PS Diesel RxZ AMT,Bangalore,2016,45000,Diesel,Automatic,19.6,1461.0,108.45,15.05 Lakh,11.5
Hyundai Grand i10 1.2 Kappa Magna AT,Bangalore,2018,3000,Petrol,Automatic,18.9,1197.0,81.86,7.98 Lakh,6.2
Toyota Innova Crysta 2.8 ZX AT,Kolkata,2016,66618,Diesel,Automatic,11.36,2755.0,171.5,24.82 Lakh,15.49
Tata Zest Revotron 1.2T XM,Mumbai,2016,43706,Petrol,Manual,17.57,1193.0,88.7,7.63 Lakh,4.0
Toyota Innova Crysta 2.4 VX MT,Kochi,2018,8899,Diesel,Manual,13.68,2393.0,147.8,22.86 Lakh,19.92
Ford EcoSport 1.5 Petrol Titanium,Pune,2018,17000,Petrol,Manual,17.0,1497.0,121.36,11.06 Lakh,9.2
Maruti Alto K10 VXI,Hyderabad,2016,10000,Petrol,Manual,24.07,998.0,67.1,4.53 Lakh,3.5
Toyota Corolla Altis 1.8 G,Mumbai,2010,93000,Petrol,Manual,14.28,1798.0,138.03,19.39 Lakh,4.5
Hyundai Elantra 2.0 SX Option AT,Delhi,2017,9500,Petrol,Automatic,14.62,1999.0,149.92,21.77 Lakh,16.35
Hyundai Creta 1.6 SX Automatic Diesel,Chennai,2016,55000,Diesel,Automatic,17.6,1582.0,126.2,18.35 Lakh,12.5
Volkswagen Ameo 1.5 TDI Comfortline,Jaipur,2016,58095,Diesel,Manual,21.66,1498.0,108.62,9.19 Lakh,5.8
Tata Zest Revotron 1.2 XT,Kolkata,2015,7445,Petrol,Manual,17.57,1193.0,88.7,8.09 Lakh,5.0
Toyota Corolla Altis 1.8 VL CVT,Kochi,2018,28321,Petrol,Automatic,14.28,1798.0,138.03,23.25 Lakh,17.49
Maruti Dzire AMT ZDI Plus,Hyderabad,2017,28226,Diesel,Automatic,28.4,1248.0,73.75,11.52 Lakh,9.15
Ford EcoSport 1.5 Diesel Titanium Plus,Chennai,2016,29200,Diesel,Manual,23.0,1498.0,98.96,13.23 Lakh,7.7
Tata Zest Quadrajet 1.3 XT,Coimbatore,2018,38310,Diesel,Manual,20.65,1248.0,88.7,10.06 Lakh,6.69
Skoda Rapid 1.5 TDI AT Style,Kolkata,2017,31300,Diesel,Automatic,21.72,1498.0,108.4,15.34 Lakh,10.5
Toyota Innova Crysta 2.4 VX MT 8S,Coimbatore,2019,11241,Diesel,Manual,13.68,2393.0,147.8,24.01 Lakh,22.55
Mahindra Thar CRDe,Jaipur,2016,19000,Diesel,Manual,16.55,2498.0,105.0,11.39 Lakh,9.25
Ford Aspire Titanium Diesel,Coimbatore,2017,30279,Diesel,Manual,26.1,1498.0,99.0,9.79 Lakh,7.29
Mini Cooper 3 DOOR D,Mumbai,2016,20000,Diesel,Automatic,20.7,1496.0,113.98,35 Lakh,23.5
Mahindra Verito 1.5 D4 BSIV,Pune,2015,90000,Diesel,Manual,21.03,1461.0,65.0,9.26 Lakh,3.1
Volkswagen Ameo 1.2 MPI Highline,Coimbatore,2017,22389,Petrol,Manual,17.0,1198.0,73.75,8.68 Lakh,7.23
Volkswagen Tiguan 2.0 TDI Highline,Jaipur,2017,50510,Diesel,Automatic,17.06,1968.0,141.0,36.45 Lakh,24.9
Mahindra Bolero ZLX,Jaipur,2013,63000,Diesel,Manual,15.96,2523.0,62.1,11.15 Lakh,5.5
BMW X1 M Sport sDrive 20d,Kochi,2017,32838,Diesel,Automatic,17.05,1995.0,190.0,50.97 Lakh,30.29
Maruti Wagon R LXI,Delhi,2012,45631,Petrol,Manual,22.5,998.0,67.04,4.59 Lakh,2.74
Hyundai Grand i10 1.2 Kappa Magna,Delhi,2017,12248,Petrol,Manual,18.9,1197.0,81.86,6.54 Lakh,4.9
Maruti Alto K10 VXI,Coimbatore,2011,48624,Petrol,Manual,24.07,998.0,67.1,4.7 Lakh,3.22
Hyundai Grand i10 1.2 Kappa Sportz,Kochi,2018,10393,Petrol,Manual,18.9,1197.0,81.86,6.62 Lakh,6.03
Honda Amaze V CVT Petrol,Pune,2018,1700,Petrol,Automatic,19.0,1199.0,88.76,9.44 Lakh,7.8
Audi Q3 35 TDI Quattro Premium Plus,Coimbatore,2016,58661,Diesel,Automatic,15.17,1968.0,181.0,48.64 Lakh,28.03
Maruti Ciaz Zeta,Mumbai,2017,5500,Petrol,Manual,21.56,1462.0,103.25,11.11 Lakh,8.2
Maruti Wagon R LXI,Ahmedabad,2010,21002,Petrol,Manual,22.5,998.0,67.04,4.74 Lakh,2.75
Maruti Eeco 7 Seater Standard,Coimbatore,2017,28371,Petrol,Manual,15.1,1196.0,73.0,4.98 Lakh,4.74
Renault KWID Climber 1.0 MT,Delhi,2017,15000,Petrol,Manual,21.7,999.0,67.0,4.98 Lakh,4.25
Honda WRV i-VTEC VX,Kochi,2018,15135,Petrol,Manual,17.5,1199.0,88.7,10.57 Lakh,9.29
Maruti Wagon R VXI AMT,Coimbatore,2017,37832,Petrol,Automatic,22.5,998.0,67.0,6.33 Lakh,5.23
Hyundai Grand i10 1.2 Kappa Asta,Coimbatore,2016,43041,Petrol,Manual,18.9,1197.0,81.86,8.1 Lakh,6.01
Hyundai Grand i10 1.2 Kappa Magna,Kolkata,2017,31184,Petrol,Manual,18.9,1197.0,81.86,6.4 Lakh,5.0
Maruti Dzire AMT ZDI Plus,Pune,2017,41747,Diesel,Automatic,28.4,1248.0,73.75,11.26 Lakh,9.0
Toyota Etios Liva 1.2 VX Dual Tone,Coimbatore,2019,20877,Petrol,Manual,18.16,1197.0,78.9,7.59 Lakh,7.27
Maruti Swift VXI,Mumbai,2016,23555,Petrol,Manual,22.0,1197.0,81.8,7 Lakh,5.1
Volkswagen Polo GT TSI,Mumbai,2016,28000,Petrol,Automatic,17.21,1197.0,103.5,11.26 Lakh,7.25
Tata Bolt Quadrajet XE,Hyderabad,2017,40000,Diesel,Manual,22.95,1248.0,74.0,7.43 Lakh,5.25
Hyundai Elantra 1.6 SX Option AT,Ahmedabad,2014,49000,Diesel,Automatic,18.23,1582.0,126.2,22.43 Lakh,8.9
Jeep Compass 2.0 Limited Option Black,Mumbai,2017,7000,Diesel,Manual,17.1,1956.0,170.0,24.02 Lakh,17.45
Toyota Corolla Altis 1.8 GL,Kochi,2012,83184,Petrol,Manual,14.28,1798.0,138.03,21.69 Lakh,6.22
Mercedes-Benz A Class A180 Sport,Mumbai,2016,17000,Petrol,Automatic,15.5,1595.0,122.0,34.63 Lakh,17.25
Hyundai Grand i10 1.2 Kappa Magna,Kochi,2018,46493,Petrol,Manual,18.9,1197.0,81.86,6.32 Lakh,5.53
BMW 3 Series 320d,Ahmedabad,2011,100000,Diesel,Automatic,22.69,1995.0,190.0,43.31 Lakh,10.9
Maruti Eeco 7 Seater Standard,Mumbai,2014,34669,Petrol,Manual,15.1,1196.0,73.0,4.71 Lakh,2.9
Toyota Innova Crysta 2.8 GX AT,Kochi,2019,10601,Diesel,Automatic,11.36,2755.0,171.5,20.74 Lakh,19.65
Hyundai Grand i10 1.2 Kappa Sportz,Delhi,2018,9434,Petrol,Manual,18.9,1197.0,81.86,6.71 Lakh,5.75
Volkswagen Ameo 1.2 MPI Highline,Coimbatore,2018,35569,Petrol,Manual,17.0,1198.0,73.75,8.68 Lakh,7.27
Toyota Fortuner 2.8 2WD AT,Ahmedabad,2017,15000,Diesel,Automatic,12.9,2755.0,174.5,34.45 Lakh,30.0
Maruti Dzire VDI,Delhi,2016,45376,Diesel,Manual,28.4,1248.0,73.75,8.58 Lakh,5.75
Ford EcoSport 1.5 Diesel Titanium Plus,Kochi,2017,78526,Diesel,Manual,23.0,1498.0,98.96,12.67 Lakh,8.09
BMW X1 sDrive 20d xLine,Coimbatore,2015,42265,Diesel,Automatic,20.68,1995.0,190.0,48.18 Lakh,22.24
Ford EcoSport 1.5 Diesel Titanium,Mumbai,2017,26000,Diesel,Manual,23.0,1498.0,98.96,11.89 Lakh,8.99
Maruti Dzire ZDI Plus,Jaipur,2017,24000,Diesel,Manual,28.4,1248.0,73.75,10.48 Lakh,8.2
Hyundai Verna VTVT 1.6 SX Option,Delhi,2013,57478,Petrol,Manual,17.0,1591.0,121.3,13.59 Lakh,5.25
Maruti Vitara Brezza ZDi,Hyderabad,2016,41372,Diesel,Manual,24.3,1248.0,88.5,11.02 Lakh,9.3
Mercedes-Benz GLA Class 200 d Sport,Pune,2017,35000,Diesel,Automatic,17.9,2143.0,136.0,41.94 Lakh,23.5
Maruti Dzire VDI,Mumbai,2012,74000,Diesel,Manual,28.4,1248.0,73.75,8.94 Lakh,4.25
Jeep Compass 2.0 Longitude,Kochi,2018,28937,Diesel,Manual,17.1,1956.0,170.0,21.38 Lakh,17.02
Toyota Corolla Altis 1.4 DG,Coimbatore,2013,63854,Diesel,Manual,21.43,1364.0,86.79,19.27 Lakh,7.12
Maruti Vitara Brezza ZDi Plus AMT Dual Tone,Chennai,2018,3000,Diesel,Automatic,24.3,1248.0,88.5,12.88 Lakh,11.25
Hyundai Xcent 1.2 VTVT SX,Mumbai,2014,64241,Petrol,Manual,20.14,1197.0,81.86,8.27 Lakh,3.67
BMW X1 sDrive 20d xLine,Bangalore,2016,28143,Diesel,Automatic,20.68,1995.0,190.0,48.18 Lakh,28.5
Toyota Innova Crysta 2.4 VX MT,Hyderabad,2017,67000,Diesel,Manual,13.68,2393.0,147.8,22.87 Lakh,16.5
Hyundai Grand i10 1.2 Kappa Magna AT,Kochi,2018,5354,Petrol,Automatic,18.9,1197.0,81.86,7.37 Lakh,6.76
Volkswagen Polo 1.0 MPI Comfortline,Chennai,2016,42000,Petrol,Manual,18.78,999.0,75.0,7.33 Lakh,5.5
Maruti Eeco 7 Seater Standard,Coimbatore,2013,54885,Petrol,Manual,15.1,1196.0,73.0,4.98 Lakh,3.75
Toyota Innova Crysta 2.4 VX MT,Mumbai,2016,25121,Diesel,Manual,13.68,2393.0,147.8,23.06 Lakh,17.11
Mahindra Bolero SLE,Hyderabad,2012,75000,Diesel,Manual,15.96,2523.0,62.1,10.32 Lakh,4.3
Maruti Ignis 1.2 Alpha,Mumbai,2017,1000,Petrol,Manual,20.89,1197.0,81.8,7.87 Lakh,6.36
Jeep Compass 2.0 Longitude,Coimbatore,2018,33218,Diesel,Manual,17.1,1956.0,170.0,22.46 Lakh,19.05
Mini Cooper 5 DOOR D,Hyderabad,2017,2000,Diesel,Automatic,20.7,1496.0,113.98,42.48 Lakh,34.0
Tata Zest Revotron 1.2T XMS,Chennai,2015,40000,Petrol,Manual,17.57,1193.0,88.7,7.69 Lakh,4.0
Ford Aspire Titanium Plus Diesel,Kolkata,2015,2800,Diesel,Manual,26.1,1498.0,99.0,9.4 Lakh,8.41
Hyundai Grand i10 1.2 Kappa Asta,Coimbatore,2016,37429,Petrol,Manual,18.9,1197.0,81.86,8.1 Lakh,5.89
Honda City i-VTEC V,Delhi,2011,67031,Petrol,Manual,17.4,1497.0,117.3,11.85 Lakh,4.0
Maruti Celerio VXI AMT,Mumbai,2016,47691,Petrol,Automatic,23.1,998.0,67.04,6.08 Lakh,3.94
Maruti Dzire VDI,Kolkata,2015,28193,Diesel,Manual,28.4,1248.0,73.75,8.36 Lakh,5.25
Mercedes-Benz E-Class E 220 d,Hyderabad,2013,85000,Diesel,Automatic,16.1,1950.0,194.0,71.15 Lakh,21.0
Hyundai Grand i10 1.2 Kappa Sportz,Ahmedabad,2015,20780,Petrol,Manual,18.9,1197.0,81.86,6.82 Lakh,4.3
Ford Freestyle Titanium Petrol,Mumbai,2007,1261,Petrol,Manual,19.0,1194.0,94.68,8.12 Lakh,6.0
Hyundai Elite i20 Asta Option,Coimbatore,2017,59450,Petrol,Manual,18.6,1197.0,81.86,9.78 Lakh,7.53
Maruti Baleno Delta,Mumbai,2016,12573,Petrol,Manual,21.4,1197.0,83.1,7.36 Lakh,5.8
Toyota Fortuner 2.8 2WD AT,Pune,2017,29000,Diesel,Automatic,12.9,2755.0,174.5,38.11 Lakh,31.0
Maruti Ertiga ZDI,Delhi,2013,68000,Diesel,Manual,25.47,1248.0,88.5,11.75 Lakh,4.85
Maruti Swift VDI,Hyderabad,2013,84000,Diesel,Manual,28.4,1248.0,74.0,8.44 Lakh,5.65
Hyundai Creta 1.6 SX Option,Delhi,2016,24347,Petrol,Manual,15.8,1591.0,121.3,16.06 Lakh,11.0
Honda City i-VTEC CVT VX,Mumbai,2017,17000,Petrol,Automatic,18.0,1497.0,117.3,15.29 Lakh,11.6
Honda Brio 1.2 VX MT,Kochi,2014,41460,Petrol,Manual,18.5,1198.0,86.8,6.63 Lakh,3.95
Maruti Vitara Brezza ZDi Plus,Ahmedabad,2017,80000,Diesel,Manual,24.3,1248.0,88.5,10.91 Lakh,8.0
Hyundai Tucson 2.0 Dual VTVT 2WD AT GL,Mumbai,2016,13000,Petrol,Automatic,12.95,1999.0,152.88,25.75 Lakh,17.75
Maruti Wagon R VXI,Kolkata,2016,16956,Petrol,Manual,22.5,998.0,67.04,5.29 Lakh,3.6
Maruti Wagon R VXI,Mumbai,2010,38000,Petrol,Manual,22.5,998.0,67.04,5.61 Lakh,1.75
Honda Brio 1.2 VX AT,Mumbai,2017,20000,Petrol,Automatic,16.5,1198.0,86.8,8.05 Lakh,5.99
Toyota Etios Cross 1.4L GD,Kochi,2016,36681,Diesel,Manual,23.59,1364.0,67.06,8.82 Lakh,6.71
Honda City i-VTEC CVT ZX,Coimbatore,2018,20300,Petrol,Automatic,18.0,1497.0,117.3,17.38 Lakh,14.21
Maruti Celerio ZXI MT,Kochi,2017,21799,Petrol,Manual,23.1,998.0,67.04,5.69 Lakh,5.11
Toyota Innova Crysta 2.8 ZX AT,Hyderabad,2017,35358,Diesel,Automatic,11.36,2755.0,171.5,26.56 Lakh,22.99
Tata Tiago 1.2 Revotron XT,Jaipur,2016,42700,Petrol,Manual,23.84,1199.0,84.0,5.61 Lakh,3.6
Maruti Wagon R VXI 1.2,Mumbai,2015,55000,Petrol,Manual,21.5,1197.0,81.8,5.88 Lakh,3.1
Honda City i-DTEC ZX,Hyderabad,2017,46000,Diesel,Manual,25.6,1498.0,98.6,16.95 Lakh,12.9
BMW 5 Series 520d Luxury Line,Ahmedabad,2012,95000,Diesel,Automatic,22.48,1995.0,190.0,63.71 Lakh,17.5
Ford EcoSport 1.5 Diesel Titanium,Delhi,2017,39000,Diesel,Manual,23.0,1498.0,98.96,11.47 Lakh,8.45
Maruti Swift VDI,Kochi,2016,62192,Diesel,Manual,28.4,1248.0,74.0,7.88 Lakh,5.22
Maruti Ciaz Alpha,Kochi,2018,38394,Petrol,Manual,21.56,1462.0,103.25,11.37 Lakh,9.18
Hyundai Elantra 2.0 SX Option AT,Delhi,2016,28000,Petrol,Automatic,14.62,1999.0,149.92,21.77 Lakh,13.9
Volkswagen Vento 1.5 TDI Trendline,Mumbai,2011,47000,Diesel,Manual,20.64,1498.0,108.5,11.3 Lakh,3.25
Hyundai Elantra 2.0 SX Option AT,Coimbatore,2015,58239,Petrol,Automatic,14.62,1999.0,149.92,23.64 Lakh,9.69
Nissan Terrano XL D Option,Mumbai,2014,51000,Diesel,Manual,19.87,1461.0,83.14,15.06 Lakh,5.65
Toyota Fortuner 2.8 2WD AT,Ahmedabad,2016,88008,Diesel,Automatic,12.9,2755.0,174.5,34.45 Lakh,22.5
Mercedes-Benz GLA Class 200 d Sport,Mumbai,2018,10000,Diesel,Automatic,17.9,2143.0,136.0,41.94 Lakh,28.9
Mini Cooper Convertible S,Chennai,2012,17000,Petrol,Automatic,16.82,1998.0,189.08,44.28 Lakh,22.0
Mini Cooper 3 DOOR S,Mumbai,2013,21000,Petrol,Automatic,17.44,1998.0,189.08,39.57 Lakh,21.5
Skoda Rapid 1.6 MPI AT Ambition,Mumbai,2017,32000,Petrol,Automatic,14.84,1598.0,103.52,13.7 Lakh,8.11
Maruti Ertiga VDI,Delhi,2017,65000,Diesel,Manual,25.47,1248.0,88.5,11.16 Lakh,7.65
Ford EcoSport 1.5 Petrol Trend,Kolkata,2016,21460,Petrol,Manual,17.0,1497.0,121.36,9.47 Lakh,6.0
Honda Jazz V CVT,Hyderabad,2015,33000,Petrol,Automatic,19.0,1199.0,88.7,10.17 Lakh,7.25
Maruti Vitara Brezza ZDi Plus,Jaipur,2017,48324,Diesel,Manual,24.3,1248.0,88.5,11.47 Lakh,9.0
Hyundai Grand i10 1.2 CRDi Sportz,Kochi,2017,20773,Diesel,Manual,24.0,1186.0,73.97,8.17 Lakh,5.92
Volkswagen Polo 1.5 TDI Highline,Kolkata,2016,22000,Diesel,Manual,20.14,1498.0,88.0,9.58 Lakh,6.29
BMW 3 Series 320d,Mumbai,2013,25000,Diesel,Automatic,22.69,1995.0,190.0,47.87 Lakh,17.99
Mahindra Xylo H4,Chennai,2015,82000,Diesel,Manual,14.02,2179.0,118.3,11.67 Lakh,4.85
Volkswagen Polo 1.5 TDI Highline,Delhi,2012,68038,Diesel,Manual,20.14,1498.0,88.0,9.96 Lakh,3.6
BMW 5 Series 520d Luxury Line,Ahmedabad,2013,55000,Diesel,Automatic,22.48,1995.0,190.0,63.71 Lakh,21.75
Maruti Alto K10 VXI,Coimbatore,2011,46808,Petrol,Manual,24.07,998.0,67.1,4.7 Lakh,3.19
Hyundai Xcent 1.2 VTVT S,Coimbatore,2015,65743,Petrol,Manual,20.14,1197.0,81.86,7.85 Lakh,6.2
Hyundai Creta 1.6 SX Option,Mumbai,2016,29477,Petrol,Manual,15.8,1591.0,121.3,16.36 Lakh,10.25
Toyota Fortuner 2.8 2WD AT,Delhi,2017,40000,Diesel,Automatic,12.9,2755.0,174.5,37.38 Lakh,30.0
Ford EcoSport 1.5 Diesel Titanium,Mumbai,2017,30000,Diesel,Manual,23.0,1498.0,98.96,11.89 Lakh,8.99
Tata Zest Revotron 1.2T XE,Delhi,2017,47000,Petrol,Manual,17.57,1193.0,88.7,6.62 Lakh,4.5
Maruti Vitara Brezza ZDi Plus Dual Tone,Kochi,2017,45362,Diesel,Manual,24.3,1248.0,88.5,11.75 Lakh,9.38
Tata Hexa XTA,Coimbatore,2019,14233,Diesel,Automatic,17.6,2179.0,153.86,22.74 Lakh,17.85
Skoda Superb Style 1.8 TSI AT,Mumbai,2010,62004,Petrol,Automatic,14.67,1798.0,177.46,33.36 Lakh,3.75
Volkswagen Vento 1.5 TDI Highline AT,Mumbai,2016,25500,Diesel,Automatic,21.5,1498.0,108.5,15.86 Lakh,8.95
BMW 3 Series 320d Luxury Line,Mumbai,2014,18600,Diesel,Automatic,22.69,1995.0,190.0,54.43 Lakh,21.0
Mercedes-Benz CLA 200 CDI Sport,Coimbatore,2017,20969,Diesel,Automatic,17.9,2143.0,136.0,45.36 Lakh,27.87
Maruti Vitara Brezza ZDi,Kolkata,2018,2900,Diesel,Manual,24.3,1248.0,88.5,10.13 Lakh,8.75
Skoda Rapid 1.5 TDI Ambition,Coimbatore,2018,5833,Diesel,Manual,21.13,1498.0,108.4,14.22 Lakh,11.92
Mahindra NuvoSport N8,Coimbatore,2017,37712,Diesel,Manual,17.45,1493.0,100.0,11.77 Lakh,7.57
Datsun redi-GO T Option,Kochi,2018,30953,Petrol,Manual,22.7,799.0,53.64,4.05 Lakh,3.48
Jeep Compass 2.0 Limited 4X4,Coimbatore,2018,48188,Diesel,Manual,16.3,1956.0,170.0,26.95 Lakh,21.69
Toyota Innova Crysta 2.8 ZX AT,Coimbatore,2017,65367,Diesel,Automatic,11.36,2755.0,171.5,28.05 Lakh,20.14
Maruti Wagon R VXI AMT,Mumbai,2016,8000,Petrol,Automatic,22.5,998.0,67.0,6.14 Lakh,4.15
Maruti Alto K10 VXI,Mumbai,2016,13198,Petrol,Manual,24.07,998.0,67.1,4.82 Lakh,3.15
Tata Tiago AMT 1.2 Revotron XZA,Coimbatore,2019,15379,Petrol,Automatic,23.84,1199.0,83.83,7.17 Lakh,6.97
Mini Cooper Convertible S,Mumbai,2016,15000,Petrol,Automatic,16.82,1998.0,189.08,44.28 Lakh,35.0
Hyundai Verna CRDi 1.6 SX Option,Pune,2017,50000,Diesel,Manual,22.0,1582.0,126.2,15.72 Lakh,11.5
Renault Duster 85PS Diesel RxE,Pune,2016,54000,Diesel,Manual,19.87,1461.0,83.8,11.27 Lakh,6.5
Honda BRV i-VTEC V MT,Pune,2016,9200,Petrol,Manual,15.4,1497.0,117.3,13.58 Lakh,8.0
Honda Amaze S Diesel,Hyderabad,2015,29000,Diesel,Manual,27.4,1498.0,98.6,9.09 Lakh,5.99
Maruti Alto K10 VXI,Kochi,2018,46805,Petrol,Manual,24.07,998.0,67.1,4.09 Lakh,3.63
Tata Zest Revotron 1.2T XE,Mumbai,2017,100000,Petrol,Manual,17.57,1193.0,88.7,6.83 Lakh,4.25
Maruti Wagon R LXI,Kochi,2011,15466,Petrol,Manual,22.5,998.0,67.04,5.04 Lakh,3.36
BMW 3 Series 320d,Kolkata,2011,70000,Diesel,Automatic,22.69,1995.0,190.0,43.81 Lakh,10.3
Maruti Wagon R VXI,Kochi,2014,41994,Petrol,Manual,22.5,998.0,67.04,5.12 Lakh,3.41
Audi Q3 35 TDI Quattro Premium Plus,Bangalore,2015,51000,Diesel,Automatic,15.17,1968.0,181.0,48.64 Lakh,27.5
Maruti Wagon R VXI 1.2,Jaipur,2015,64876,Petrol,Manual,21.5,1197.0,81.8,5.71 Lakh,3.5
Maruti Vitara Brezza ZDi Plus Dual Tone,Coimbatore,2017,25299,Diesel,Manual,24.3,1248.0,88.5,12.56 Lakh,10.34
Honda Amaze V Petrol,Kochi,2016,40866,Petrol,Manual,19.5,1199.0,86.76,8.16 Lakh,5.47
Volkswagen Ameo 1.5 TDI Highline,Kochi,2018,31426,Diesel,Manual,21.66,1498.0,108.62,9.72 Lakh,7.9
Maruti Baleno Alpha CVT,Kochi,2019,13574,Petrol,Automatic,21.4,1197.0,83.1,10.3 Lakh,9.51
BMW 5 Series 520d Luxury Line,Ahmedabad,2013,90000,Diesel,Automatic,22.48,1995.0,190.0,63.71 Lakh,19.5
Maruti Vitara Brezza ZDi Plus,Kochi,2017,38426,Diesel,Manual,24.3,1248.0,88.5,11.12 Lakh,9.13
Maruti Eeco 7 Seater Standard,Pune,2011,45000,Petrol,Manual,15.1,1196.0,73.0,4.69 Lakh,2.25
Maruti Wagon R LXI,Mumbai,2010,37822,Petrol,Manual,22.5,998.0,67.04,5.04 Lakh,2.35
Toyota Innova Crysta 2.4 VX MT 8S,Coimbatore,2017,72202,Diesel,Manual,13.68,2393.0,147.8,24.01 Lakh,17.92
Maruti Baleno Alpha,Mumbai,2016,12208,Petrol,Manual,21.4,1197.0,83.1,8.78 Lakh,6.75
Volkswagen Polo GT TSI,Mumbai,2017,27853,Petrol,Automatic,17.21,1197.0,103.5,11.26 Lakh,8.25
Hyundai Grand i10 1.2 Kappa Sportz,Kochi,2018,20689,Petrol,Manual,18.9,1197.0,81.86,6.68 Lakh,6.07
Renault KWID 1.0 RXT Optional AMT,Coimbatore,2017,53285,Petrol,Automatic,22.5,999.0,67.0,5.42 Lakh,4.28
Hyundai Grand i10 1.2 Kappa Sportz,Mumbai,2018,3958,Petrol,Manual,18.9,1197.0,81.86,7.14 Lakh,5.55
BMW X3 xDrive 20d Luxury Line,Hyderabad,2009,58000,Diesel,Automatic,18.56,1995.0,190.0,69.59 Lakh,17.98
Renault KWID 1.0 RXT Optional,Kochi,2018,18335,Petrol,Manual,21.7,999.0,67.0,4.61 Lakh,4.5
Volkswagen Polo GT TSI,Mumbai,2017,25000,Petrol,Automatic,17.21,1197.0,103.5,11.26 Lakh,7.75
Toyota Fortuner 2.8 2WD AT,Kochi,2019,21719,Diesel,Automatic,12.9,2755.0,174.5,37.38 Lakh,33.13
Renault KWID Climber 1.0 MT,Hyderabad,2018,4126,Petrol,Manual,21.7,999.0,67.0,5.3 Lakh,4.8
Tata Bolt Quadrajet XM,Hyderabad,2017,98500,Diesel,Manual,22.95,1248.0,74.0,7.97 Lakh,6.0
Audi A6 35 TDI Matrix,Delhi,2014,56000,Diesel,Automatic,18.53,1968.0,187.74,59.38 Lakh,24.0
Volkswagen Vento 1.5 TDI Highline AT,Kochi,2017,33550,Diesel,Automatic,21.5,1498.0,108.5,15.86 Lakh,9.6
Audi A6 35 TDI Matrix,Hyderabad,2014,62000,Diesel,Automatic,18.53,1968.0,187.74,67.1 Lakh,25.0
Ford EcoSport 1.5 Petrol Titanium Plus AT,Coimbatore,2018,27852,Petrol,Automatic,14.8,1497.0,121.36,14.1 Lakh,10.44
Tata Nexon 1.5 Revotorq XZ Plus Dual Tone,Mumbai,2018,14000,Diesel,Manual,21.5,1497.0,108.5,12.22 Lakh,9.9
Isuzu MUX 4WD,Jaipur,2017,34429,Diesel,Automatic,13.8,2999.0,174.57,33.68 Lakh,20.0
Toyota Corolla Altis 1.4 DG,Ahmedabad,2012,52100,Diesel,Manual,21.43,1364.0,86.79,19.27 Lakh,6.5
Hyundai Grand i10 1.2 Kappa Sportz,Jaipur,2018,10000,Petrol,Manual,18.9,1197.0,81.86,6.96 Lakh,5.85
Jeep Compass 2.0 Limited 4X4,Coimbatore,2019,6261,Diesel,Manual,16.3,1956.0,170.0,26.95 Lakh,23.91
Maruti Ignis 1.2 AMT Alpha,Coimbatore,2019,3906,Petrol,Automatic,20.89,1197.0,81.8,7.96 Lakh,7.36
Toyota Innova Crysta 2.4 VX MT,Mumbai,2017,38000,Diesel,Manual,13.68,2393.0,147.8,23.06 Lakh,17.65
Toyota Innova Crysta 2.8 GX AT 8S,Delhi,2017,18000,Diesel,Automatic,11.36,2755.0,171.5,20.8 Lakh,18.25
Nissan Micra Active XV,Ahmedabad,2016,41000,Petrol,Manual,19.69,1198.0,67.04,6.78 Lakh,4.25
Jeep Compass 2.0 Sport,Hyderabad,2017,37000,Diesel,Manual,17.1,1956.0,170.0,19.91 Lakh,16.9
Tata Zest Quadrajet 1.3 75PS XM,Pune,2017,72000,Diesel,Manual,22.95,1248.0,74.0,8.93 Lakh,5.0
Maruti Dzire VXI,Hyderabad,2013,34900,Petrol,Manual,22.0,1197.0,81.8,7.97 Lakh,5.49
Maruti Wagon R LXI,Mumbai,2014,25422,Petrol,Manual,22.5,998.0,67.04,5.04 Lakh,3.25
Maruti Ertiga VDI,Mumbai,2018,14000,Diesel,Manual,25.47,1248.0,88.5,11.66 Lakh,9.25
Mahindra KUV 100 G80 K6 Plus 5Str,Kolkata,2017,43000,Petrol,Manual,18.15,1198.0,82.0,7.35 Lakh,4.5
Maruti Swift VXI,Pune,2010,68000,Petrol,Manual,22.0,1197.0,81.8,6.99 Lakh,2.8
Jeep Compass 2.0 Limited,Pune,2018,16039,Diesel,Manual,17.1,1956.0,170.0,23.89 Lakh,18.5
Maruti Swift LDI,Hyderabad,2016,52000,Diesel,Manual,28.4,1248.0,74.0,7.27 Lakh,5.95
Maruti Swift VDI,Kochi,2015,53500,Diesel,Manual,28.4,1248.0,74.0,7.88 Lakh,5.36
Hyundai Xcent 1.2 CRDi S,Mumbai,2016,50000,Diesel,Manual,25.4,1186.0,73.97,8.84 Lakh,3.5
BMW 3 Series 320d Luxury Line,Delhi,2019,87000,Diesel,Automatic,22.69,1995.0,190.0,52.46 Lakh,6.67
Mahindra Xylo H4,Coimbatore,2016,93166,Diesel,Manual,14.02,2179.0,118.3,11.67 Lakh,5.85
Toyota Corolla Altis 1.8 VL CVT,Kolkata,2018,5000,Petrol,Automatic,14.28,1798.0,138.03,22.37 Lakh,16.95
Skoda Rapid 1.6 MPI Ambition,Mumbai,2015,39822,Petrol,Manual,15.41,1598.0,103.52,12.02 Lakh,4.68
Renault KWID RXL,Kochi,2017,24214,Petrol,Manual,25.17,799.0,53.3,3.95 Lakh,3.46
BMW 3 Series 320d,Coimbatore,2013,85846,Diesel,Automatic,22.69,1995.0,190.0,48.79 Lakh,13.08
Maruti Vitara Brezza ZDi Plus Dual Tone,Kochi,2017,35981,Diesel,Manual,24.3,1248.0,88.5,11.29 Lakh,9.51
Honda Brio 1.2 S MT,Mumbai,2015,22000,Petrol,Manual,18.5,1198.0,86.8,6.23 Lakh,3.95
Hyundai Grand i10 1.2 Kappa Magna AT,Coimbatore,2019,12153,Petrol,Automatic,18.9,1197.0,81.86,7.98 Lakh,6.84
Audi A4 30 TFSI Premium Plus,Kochi,2017,61221,Petrol,Automatic,17.84,1395.0,147.51,47.16 Lakh,21.73
Mini Cooper 5 DOOR D,Kochi,2019,14857,Diesel,Automatic,20.7,1496.0,113.98,41.98 Lakh,31.55
Ford Endeavour Titanium 4X2,Coimbatore,2019,14648,Diesel,Manual,12.62,2198.0,158.0,35.29 Lakh,27.36
Tata Zest Revotron 1.2T XM,Kochi,2017,48198,Petrol,Manual,17.57,1193.0,88.7,7.63 Lakh,4.65
Maruti Eeco CNG 5 Seater AC,Ahmedabad,2015,47001,CNG,Manual,20.0,1196.0,63.0,5.36 Lakh,3.72
Maruti Wagon R VXI,Chennai,2014,52000,Petrol,Manual,22.5,998.0,67.04,5.51 Lakh,3.45
Hyundai Grand i10 1.2 Kappa Asta,Coimbatore,2017,62788,Petrol,Manual,18.9,1197.0,81.86,8.1 Lakh,6.08
Toyota Innova Crysta 2.8 GX AT,Pune,2018,20300,Diesel,Automatic,11.36,2755.0,171.5,20.97 Lakh,18.0
Mini Cooper 3 DOOR D,Kochi,2015,27641,Diesel,Automatic,20.7,1496.0,113.98,34.89 Lakh,24.77
Mahindra XUV500 W7,Delhi,2018,9000,Diesel,Manual,14.0,2179.0,155.0,16.4 Lakh,13.0
BMW 7 Series 730Ld Design Pure Excellence CBU,Kolkata,2012,41100,Diesel,Automatic,16.77,2993.0,261.49,1.66 Cr,26.5
Honda City i-VTEC CVT VX,Mumbai,2015,19000,Petrol,Automatic,18.0,1497.0,117.3,15.29 Lakh,8.95
Honda City i-VTEC CVT VX,Jaipur,2017,35000,Petrol,Automatic,18.0,1497.0,117.3,14.67 Lakh,7.7
Honda City i-VTEC V,Mumbai,2017,11000,Petrol,Manual,17.4,1497.0,117.3,12.57 Lakh,8.5
Nissan Micra XV D,Chennai,2012,93450,Diesel,Manual,23.19,1461.0,63.12,9.48 Lakh,2.5
Maruti Dzire ZDI,Ahmedabad,2013,56454,Diesel,Manual,28.4,1248.0,73.75,8.95 Lakh,4.65
Jeep Compass 2.0 Limited Option 4X4,Kolkata,2017,15050,Diesel,Manual,16.3,1956.0,170.0,23.19 Lakh,17.5
Ford Freestyle Titanium Plus Petrol,Kolkata,2018,8896,Petrol,Manual,19.0,1194.0,94.68,8.24 Lakh,7.34
Honda Jazz V,Mumbai,2016,31378,Petrol,Manual,18.2,1199.0,88.7,8.71 Lakh,5.9
Audi Q3 30 TDI Premium FWD,Mumbai,2017,31000,Diesel,Automatic,18.51,1968.0,147.51,44.75 Lakh,27.0
Maruti Baleno Delta CVT,Coimbatore,2018,34630,Petrol,Automatic,21.4,1197.0,83.1,8.57 Lakh,7.29
Mini Cooper 3 DOOR D,Kochi,2016,32298,Diesel,Automatic,20.7,1496.0,113.98,35 Lakh,23.8
Ford Aspire Ambiente Diesel,Kolkata,2018,17000,Diesel,Manual,26.1,1498.0,99.0,7.56 Lakh,5.65
Mercedes-Benz CLA 200 CDI Sport,Kochi,2019,29836,Diesel,Automatic,17.9,2143.0,136.0,43.07 Lakh,25.75
Toyota Etios Liva 1.4 GD,Delhi,2013,84000,Diesel,Manual,23.59,1364.0,67.04,7.83 Lakh,3.85
Maruti Celerio VXI AMT,Chennai,2015,55000,Petrol,Automatic,23.1,998.0,67.04,6 Lakh,3.5
Honda City i-VTEC VX,Mumbai,2017,7500,Petrol,Manual,17.4,1497.0,117.3,13.76 Lakh,11.15
Renault Duster 110PS Diesel RxZ AMT,Jaipur,2016,68163,Diesel,Automatic,19.6,1461.0,108.45,14.11 Lakh,8.9
Maruti Vitara Brezza LDi,Kochi,2017,35384,Diesel,Manual,24.3,1248.0,88.5,9.12 Lakh,8.61
Ford EcoSport 1.5 Diesel Titanium,Coimbatore,2018,32189,Diesel,Manual,23.0,1498.0,98.96,11.2 Lakh,9.25
BMW 3 Series 320d,Mumbai,2010,67000,Diesel,Automatic,22.69,1995.0,190.0,47.87 Lakh,9.25
Maruti Vitara Brezza ZDi Plus,Coimbatore,2018,52380,Diesel,Manual,24.3,1248.0,88.5,12.47 Lakh,10.15
Toyota Etios Liva 1.2 G,Chennai,2011,42000,Petrol,Manual,17.71,1197.0,78.9,6.51 Lakh,3.75
Honda WRV i-VTEC VX,Ahmedabad,2017,32248,Petrol,Manual,17.5,1199.0,88.7,10.32 Lakh,8.25
Hyundai Grand i10 1.2 Kappa Asta,Bangalore,2014,61325,Petrol,Manual,18.9,1197.0,81.86,8.1 Lakh,4.4
Honda Amaze S Petrol,Jaipur,2014,69000,Petrol,Manual,19.5,1199.0,88.76,7.52 Lakh,4.5
Volkswagen Vento 1.5 TDI Highline AT,Hyderabad,2016,45492,Diesel,Automatic,21.5,1498.0,108.5,15.68 Lakh,10.3
Hyundai Grand i10 1.2 Kappa Sportz,Coimbatore,2014,33496,Petrol,Manual,18.9,1197.0,81.86,7.45 Lakh,5.5
BMW 5 Series 520d Luxury Line,Delhi,2013,65000,Diesel,Automatic,22.48,1995.0,190.0,67.87 Lakh,21.26
Toyota Corolla Altis 1.8 G,Bangalore,2016,16471,Petrol,Manual,14.28,1798.0,138.03,20.48 Lakh,11.5
Honda City i-VTEC CVT VX,Pune,2018,4500,Petrol,Automatic,18.0,1497.0,117.3,15.17 Lakh,12.5
Renault Duster 110PS Diesel RxZ AMT,Coimbatore,2017,42646,Diesel,Automatic,19.6,1461.0,108.45,15.05 Lakh,12.46
Maruti Swift VDI,Jaipur,2015,63310,Diesel,Manual,28.4,1248.0,74.0,8.13 Lakh,5.1
Honda Jazz V,Hyderabad,2015,37000,Petrol,Manual,18.2,1199.0,88.7,8.79 Lakh,6.3
Nissan Terrano XL D Option,Hyderabad,2013,65280,Diesel,Manual,19.87,1461.0,83.14,14.72 Lakh,5.8
Jeep Compass 2.0 Limited Option 4X4,Jaipur,2017,45000,Diesel,Manual,16.3,1956.0,170.0,25.54 Lakh,20.0
Honda City i-DTEC ZX,Pune,2017,42000,Diesel,Manual,25.6,1498.0,98.6,16.84 Lakh,12.0
Hyundai Grand i10 1.2 CRDi Sportz,Chennai,2018,48000,Diesel,Manual,24.0,1186.0,73.97,8.28 Lakh,5.95
Toyota Innova Crysta 2.4 VX MT,Coimbatore,2019,33598,Diesel,Manual,13.68,2393.0,147.8,23.94 Lakh,22.2
Mercedes-Benz CLA 200 CDI Sport,Kochi,2019,13414,Diesel,Automatic,17.9,2143.0,136.0,43.07 Lakh,30.77
Mahindra KUV 100 G80 K8,Jaipur,2018,15900,Petrol,Manual,18.15,1198.0,82.0,7.88 Lakh,6.25
Maruti Baleno Zeta CVT,Kolkata,2016,20000,Petrol,Automatic,21.4,1197.0,83.1,9.04 Lakh,5.74
BMW 3 Series Luxury Line,Ahmedabad,2016,27000,Diesel,Automatic,21.76,1995.0,190.0,55.07 Lakh,35.0
Maruti Dzire AMT ZDI Plus,Chennai,2017,19000,Diesel,Automatic,28.4,1248.0,73.75,10.97 Lakh,8.9
Jeep Compass 2.0 Longitude,Kochi,2018,42203,Diesel,Manual,17.1,1956.0,170.0,21.72 Lakh,19.46
Tata Nexon 1.5 Revotorq XZ Plus Dual Tone,Kolkata,2018,4900,Diesel,Manual,21.5,1497.0,108.5,11.47 Lakh,9.22
Renault KWID RXT Optional,Pune,2018,5000,Petrol,Manual,25.17,799.0,53.3,4.9 Lakh,3.5
Honda Jazz V CVT,Mumbai,2017,17978,Petrol,Automatic,19.0,1199.0,88.7,10.1 Lakh,6.95
Maruti S-Cross Alpha DDiS 200 SH,Kolkata,2016,45296,Diesel,Manual,25.1,1248.0,88.5,12.53 Lakh,6.99
Tata Hexa XT,Pune,2017,39800,Diesel,Manual,17.6,2179.0,153.86,20.87 Lakh,14.25
Maruti Eeco 7 Seater Standard,Coimbatore,2016,42225,Petrol,Manual,15.1,1196.0,73.0,4.98 Lakh,4.3
Maruti Ignis 1.2 Delta,Kochi,2019,12076,Petrol,Manual,20.89,1197.0,81.8,5.9 Lakh,5.5
Volkswagen Polo GT TSI,Coimbatore,2017,50534,Petrol,Automatic,17.21,1197.0,103.5,11.66 Lakh,8.27
BMW 5 Series 520d Luxury Line,Ahmedabad,2010,46000,Diesel,Automatic,22.48,1995.0,190.0,63.71 Lakh,16.5
BMW 3 Series Luxury Line,Mumbai,2016,31000,Diesel,Automatic,21.76,1995.0,190.0,60.88 Lakh,29.95
Ford EcoSport 1.5 Petrol Titanium Plus AT,Pune,2017,14000,Petrol,Automatic,14.8,1497.0,121.36,13.23 Lakh,9.99
Maruti Vitara Brezza ZDi Plus Dual Tone,Ahmedabad,2017,33000,Diesel,Manual,24.3,1248.0,88.5,11.06 Lakh,9.25
Nissan Terrano XV D Pre,Mumbai,2013,60000,Diesel,Manual,19.64,1461.0,108.5,17.21 Lakh,5.45
Maruti Celerio ZXI AMT,Coimbatore,2017,35225,Petrol,Automatic,23.1,998.0,67.04,6.56 Lakh,5.25
BMW 3 Series 320d,Hyderabad,2010,80000,Diesel,Automatic,22.69,1995.0,190.0,47.2 Lakh,14.2
Hyundai Grand i10 1.2 Kappa Sportz,Coimbatore,2016,29091,Petrol,Manual,18.9,1197.0,81.86,6.82 Lakh,4.87
Maruti Vitara Brezza ZDi Plus Dual Tone,Coimbatore,2017,26927,Diesel,Manual,24.3,1248.0,88.5,12.56 Lakh,11.39
Maruti Vitara Brezza ZDi,Delhi,2016,35299,Diesel,Manual,24.3,1248.0,88.5,10.14 Lakh,8.0
Maruti Alto K10 VXI,Mumbai,2017,12000,Petrol,Manual,24.07,998.0,67.1,4.82 Lakh,3.25
Maruti Ciaz Zeta,Kochi,2018,10575,Petrol,Manual,21.56,1462.0,103.25,11.11 Lakh,9.18
Maruti Wagon R VXI 1.2,Kochi,2015,49818,Petrol,Manual,21.5,1197.0,81.8,5.44 Lakh,4.11
Toyota Innova Crysta 2.8 ZX AT,Kochi,2017,26023,Diesel,Automatic,11.36,2755.0,171.5,26.55 Lakh,19.97
Tata Zest Quadrajet 1.3 XT,Bangalore,2017,27768,Diesel,Manual,20.65,1248.0,88.7,10.06 Lakh,5.85
Maruti Alto K10 VXI,Chennai,2011,28300,Petrol,Manual,24.07,998.0,67.1,4.5 Lakh,2.15
Maruti Vitara Brezza ZDi Plus Dual Tone,Coimbatore,2018,28741,Diesel,Manual,24.3,1248.0,88.5,12.56 Lakh,11.0
Hyundai Verna VTVT 1.6 SX,Kolkata,2018,5000,Petrol,Manual,17.0,1591.0,121.3,11.19 Lakh,8.7
Maruti Ertiga ZDI Plus,Hyderabad,2016,42000,Diesel,Manual,25.47,1248.0,88.5,13.33 Lakh,9.9
Hyundai Verna VTVT 1.6 SX,Kochi,2012,32542,Petrol,Manual,17.0,1591.0,121.3,11.67 Lakh,5.77
BMW 3 Series 320d,Kochi,2012,55598,Diesel,Automatic,22.69,1995.0,190.0,47.87 Lakh,11.5
Maruti Dzire VDI,Jaipur,2013,77084,Diesel,Manual,28.4,1248.0,73.75,8.75 Lakh,4.95
Toyota Innova Crysta 2.8 GX AT 8S,Chennai,2016,40000,Diesel,Automatic,11.36,2755.0,171.5,21.1 Lakh,16.45
Maruti Baleno Alpha Diesel,Mumbai,2018,2000,Diesel,Manual,27.39,1248.0,74.0,10.28 Lakh,8.7
Skoda Superb Style 1.8 TSI AT,Mumbai,2016,14500,Petrol,Automatic,14.67,1798.0,177.46,33.36 Lakh,20.75
Maruti Ciaz Alpha,Mumbai,2017,19416,Petrol,Manual,21.56,1462.0,103.25,11.56 Lakh,8.25
Toyota Innova Crysta 2.8 ZX AT,Pune,2016,50296,Diesel,Automatic,11.36,2755.0,171.5,27.07 Lakh,19.0
Jeep Compass 2.0 Longitude,Kochi,2018,26101,Diesel,Manual,17.1,1956.0,170.0,21.38 Lakh,17.55
Maruti Alto K10 LXI Optional,Pune,2016,7000,Petrol,Manual,24.07,998.0,67.1,4.36 Lakh,3.0
Honda Jazz Exclusive CVT,Mumbai,2018,3000,Petrol,Automatic,19.0,1199.0,88.7,10.81 Lakh,8.25
Nissan Sunny XE P,Coimbatore,2012,50297,Petrol,Manual,16.95,1498.0,97.6,8.55 Lakh,4.69
Toyota Corolla Altis 1.8 GL,Chennai,2009,32000,Petrol,Manual,14.28,1798.0,138.03,22.66 Lakh,4.95
Maruti Alto K10 VXI,Jaipur,2016,51264,Petrol,Manual,24.07,998.0,67.1,4.24 Lakh,3.2
Mercedes-Benz CLA 200 CGI Sport,Delhi,2016,40000,Petrol,Automatic,15.04,1991.0,183.0,41.02 Lakh,24.5
Hyundai Creta 1.6 SX Automatic Diesel,Kolkata,2018,14000,Diesel,Automatic,17.6,1582.0,126.2,17 Lakh,11.25
BMW 5 Series 520d Luxury Line,Coimbatore,2014,60280,Diesel,Automatic,22.48,1995.0,190.0,63.71 Lakh,22.45
Maruti Baleno RS Petrol,Coimbatore,2018,26731,Petrol,Manual,21.1,998.0,100.0,10.89 Lakh,8.61
Toyota Camry Hybrid 2.5,Coimbatore,2017,23249,Petrol,Automatic,19.16,2487.0,175.67,40.62 Lakh,26.11
Hyundai Grand i10 1.2 Kappa Asta,Delhi,2018,10000,Petrol,Manual,18.9,1197.0,81.86,7.54 Lakh,6.5
Skoda Superb Style 1.8 TSI AT,Coimbatore,2016,54253,Petrol,Automatic,14.67,1798.0,177.46,30.19 Lakh,16.81
Maruti Wagon R VXI,Pune,2014,38958,Petrol,Manual,22.5,998.0,67.04,5.56 Lakh,3.41
Datsun redi-GO S,Chennai,2016,26239,Petrol,Manual,22.7,799.0,53.0,4.43 Lakh,2.75
Honda BR-V i-VTEC S MT,Bangalore,2016,34004,Petrol,Manual,15.4,1497.0,117.3,12.9 Lakh,8.02
Maruti Dzire VDI,Kochi,2017,54758,Diesel,Manual,28.4,1248.0,73.75,8.58 Lakh,6.67
Toyota Innova Crysta 2.8 ZX AT,Bangalore,2017,53841,Diesel,Automatic,11.36,2755.0,171.5,28.05 Lakh,20.5
Hyundai Creta 1.6 SX Option,Kochi,2017,47183,Petrol,Manual,15.8,1591.0,121.3,15.86 Lakh,11.31
Datsun redi-GO T Option,Kochi,2018,6279,Petrol,Manual,22.7,799.0,53.64,4.05 Lakh,3.6
Hyundai Creta 1.6 SX Option Diesel,Coimbatore,2017,101065,Diesel,Manual,20.5,1582.0,126.2,19.18 Lakh,11.45
Maruti Baleno Delta,Kochi,2017,15134,Petrol,Manual,21.4,1197.0,83.1,7.36 Lakh,6.37
Maruti Ertiga VDI,Chennai,2016,86000,Diesel,Manual,25.47,1248.0,88.5,10.99 Lakh,8.2
Honda City i-DTEC SV,Kolkata,2015,39000,Diesel,Manual,25.6,1498.0,98.6,12.23 Lakh,5.49
Volkswagen Vento 1.6 Highline,Jaipur,2016,33000,Petrol,Manual,16.09,1598.0,103.5,11.63 Lakh,7.7
Hyundai Verna VTVT 1.6 SX,Bangalore,2014,46676,Petrol,Manual,17.0,1591.0,121.3,12.27 Lakh,7.75
Maruti Alto K10 LXI,Kochi,2014,51349,Petrol,Manual,24.07,998.0,67.1,3.91 Lakh,2.93
Audi Q3 30 TDI Premium FWD,Coimbatore,2018,22060,Diesel,Automatic,18.51,1968.0,147.51,44.8 Lakh,32.73
Audi A4 35 TDI Premium Plus,Kochi,2015,13506,Diesel,Automatic,18.25,1968.0,187.74,50.4 Lakh,21.66
Renault KWID RXT Optional,Mumbai,2016,16000,Petrol,Manual,25.17,799.0,53.3,4.78 Lakh,2.99
Honda Amaze S Petrol,Kolkata,2013,32576,Petrol,Manual,19.5,1199.0,88.76,7.36 Lakh,3.15
Datsun redi-GO T Option,Coimbatore,2017,27509,Petrol,Manual,22.7,799.0,53.64,4.04 Lakh,3.31
Skoda Superb Style 1.8 TSI AT,Mumbai,2016,53000,Petrol,Automatic,14.67,1798.0,177.46,33.36 Lakh,17.85
Toyota Innova Crysta 2.8 ZX AT,Delhi,2016,42000,Diesel,Automatic,11.36,2755.0,171.5,26.55 Lakh,19.6
Maruti Wagon R VXI AMT,Mumbai,2018,1997,Petrol,Automatic,22.5,998.0,67.0,6.14 Lakh,4.45
Maruti Vitara Brezza ZDi Plus Dual Tone,Pune,2016,47300,Diesel,Manual,24.3,1248.0,88.5,11.96 Lakh,8.85
Maruti Ertiga VDI,Coimbatore,2014,53817,Diesel,Manual,25.47,1248.0,88.5,11.44 Lakh,7.56
Toyota Innova Crysta 2.8 ZX AT,Ahmedabad,2016,42388,Diesel,Automatic,11.36,2755.0,171.5,24.63 Lakh,18.0
BMW X1 xDrive 20d M Sport,Kolkata,2017,27001,Diesel,Automatic,20.68,1995.0,190.0,50.26 Lakh,29.0
Hyundai Grand i10 1.2 Kappa Sportz,Coimbatore,2017,38712,Petrol,Manual,18.9,1197.0,81.86,7.45 Lakh,5.87
Maruti Swift ZXI Plus,Ahmedabad,2018,2000,Petrol,Manual,22.0,1197.0,81.8,8.16 Lakh,7.75
Toyota Innova Crysta 2.4 VX MT 8S,Coimbatore,2019,31271,Diesel,Manual,13.68,2393.0,147.8,24.01 Lakh,21.42
Skoda Rapid 1.5 TDI Ambition,Mumbai,2012,54500,Diesel,Manual,21.13,1498.0,108.4,13.72 Lakh,4.1
Toyota Innova Crysta 2.4 ZX MT,Ahmedabad,2016,54000,Diesel,Manual,13.68,2393.0,147.8,23.14 Lakh,16.5
Tata Tiago 1.2 Revotron XZ WO Alloy,Hyderabad,2017,16500,Petrol,Manual,23.84,1199.0,84.0,6.29 Lakh,5.0
Honda Amaze V Petrol,Jaipur,2018,6000,Petrol,Manual,19.5,1199.0,86.76,8.18 Lakh,6.7
Maruti Wagon R LXI,Mumbai,2010,12000,Petrol,Manual,22.5,998.0,67.04,5.04 Lakh,2.45
Hyundai Grand i10 1.2 Kappa Magna,Kolkata,2018,4500,Petrol,Manual,18.9,1197.0,81.86,6.4 Lakh,4.8
Hyundai Grand i10 1.2 Kappa Asta,Kochi,2017,51223,Petrol,Manual,18.9,1197.0,81.86,7.48 Lakh,5.66
Toyota Innova Crysta 2.8 GX AT,Kochi,2019,14076,Diesel,Automatic,11.36,2755.0,171.5,20.74 Lakh,19.4
Hyundai Grand i10 1.2 Kappa Asta,Hyderabad,2017,22500,Petrol,Manual,18.9,1197.0,81.86,7.82 Lakh,5.99
Honda Amaze S Diesel,Kolkata,2013,46500,Diesel,Manual,27.4,1498.0,98.6,8.54 Lakh,3.3
Maruti Wagon R VXI,Jaipur,2017,39867,Petrol,Manual,22.5,998.0,67.04,5.44 Lakh,4.5
Skoda Superb Style 2.0 TDI AT,Mumbai,2015,19000,Diesel,Automatic,18.19,1968.0,174.5,36.94 Lakh,15.5
Volkswagen Vento 1.5 TDI Comfortline,Kolkata,2012,34000,Diesel,Manual,20.64,1498.0,108.5,11.16 Lakh,3.4
Hyundai Verna VTVT 1.6 SX Option,Kochi,2016,52378,Petrol,Manual,17.0,1591.0,121.3,13.6 Lakh,7.97
Maruti Dzire AMT ZDI Plus,Kochi,2018,64035,Diesel,Automatic,28.4,1248.0,73.75,10.7 Lakh,8.55
Maruti Eeco 7 Seater Standard,Chennai,2016,55000,Petrol,Manual,15.1,1196.0,73.0,4.87 Lakh,3.75
Mitsubishi Pajero Sport 4X4,Coimbatore,2015,53497,Diesel,Manual,13.5,2477.0,175.56,34.6 Lakh,16.42
Maruti Wagon R VXI AMT,Kolkata,2017,17000,Petrol,Automatic,22.5,998.0,67.0,5.8 Lakh,3.95
BMW 3 Series 320d,Mumbai,2011,51000,Diesel,Automatic,22.69,1995.0,190.0,47.87 Lakh,10.5
BMW 5 Series 520d Luxury Line,Coimbatore,2011,51602,Diesel,Automatic,22.48,1995.0,190.0,63.71 Lakh,17.27
BMW 3 Series Luxury Line,Pune,2016,70000,Diesel,Automatic,21.76,1995.0,190.0,62.11 Lakh,27.0
Honda Jazz V,Kochi,2017,36973,Petrol,Manual,18.2,1199.0,88.7,8.71 Lakh,6.8
Maruti Wagon R VXI,Mumbai,2014,43628,Petrol,Manual,22.5,998.0,67.04,5.61 Lakh,3.16
Maruti Vitara Brezza ZDi Plus AMT Dual Tone,Chennai,2018,3300,Diesel,Automatic,24.3,1248.0,88.5,12.88 Lakh,11.5
Maruti Alto K10 LXI,Delhi,2016,35027,Petrol,Manual,24.07,998.0,67.1,3.91 Lakh,3.0
Maruti Vitara Brezza ZDi,Bangalore,2017,45000,Diesel,Manual,24.3,1248.0,88.5,11 Lakh,9.75
Hyundai Grand i10 1.2 CRDi Asta,Kochi,2015,81828,Diesel,Manual,24.0,1186.0,73.97,8.68 Lakh,5.43
Renault KWID 1.0 RXT Optional,Jaipur,2016,26000,Petrol,Manual,21.7,999.0,67.0,4.78 Lakh,3.0
Honda WRV i-VTEC VX,Hyderabad,2017,15000,Petrol,Manual,17.5,1199.0,88.7,10.83 Lakh,8.9
Volkswagen Vento 1.6 Comfortline,Kochi,2012,60818,Petrol,Manual,16.09,1598.0,103.5,11.05 Lakh,3.59
Maruti Ertiga VDI,Pune,2016,54161,Diesel,Manual,25.47,1248.0,88.5,11.27 Lakh,7.64
Volkswagen Vento 1.6 Comfortline,Kochi,2018,20488,Petrol,Manual,16.09,1598.0,103.5,11.48 Lakh,7.64
Toyota Fortuner 2.8 2WD MT,Coimbatore,2017,72668,Diesel,Manual,14.24,2755.0,174.5,37.17 Lakh,28.85
Toyota Etios Cross 1.4L VD,Bangalore,2014,57464,Diesel,Manual,23.59,1364.0,67.06,9.99 Lakh,5.75
Toyota Innova Crysta 2.8 ZX AT,Chennai,2016,80000,Diesel,Automatic,11.36,2755.0,171.5,26.95 Lakh,19.5
Hyundai Xcent 1.2 VTVT E,Pune,2018,40000,Petrol,Manual,20.14,1197.0,81.86,6.71 Lakh,5.0
Hyundai Verna VTVT 1.6 SX Option,Kochi,2019,12336,Petrol,Manual,17.0,1591.0,121.3,13.6 Lakh,11.88
Nissan Micra Active XV,Pune,2018,24000,Petrol,Manual,19.69,1198.0,67.04,6.99 Lakh,4.0
Tata Tiago 1.2 Revotron XT Option,Coimbatore,2019,16698,Petrol,Manual,23.84,1199.0,84.0,6.21 Lakh,5.85
Hyundai Elite i20 Sportz Plus,Kochi,2017,37460,Petrol,Manual,18.6,1197.0,81.86,8.03 Lakh,6.28
Hyundai Creta 1.6 SX Option Diesel,Bangalore,2016,93000,Diesel,Manual,20.5,1582.0,126.2,19.18 Lakh,10.8
Volvo V40 D3 R Design,Hyderabad,2015,38000,Diesel,Automatic,16.8,1969.0,150.0,37.9 Lakh,24.0
Skoda Superb Style 1.8 TSI AT,Delhi,2013,80000,Petrol,Automatic,14.67,1798.0,177.46,32.54 Lakh,7.25
Mahindra Thar CRDe,Coimbatore,2017,28599,Diesel,Manual,16.55,2498.0,105.0,11.71 Lakh,9.66
Datsun redi-GO T,Kolkata,2016,15000,Petrol,Manual,22.7,799.0,53.64,3.98 Lakh,2.25
Maruti Alto K10 VXI,Kochi,2015,23876,Petrol,Manual,24.07,998.0,67.1,4.09 Lakh,3.46
BMW 3 Series 320d,Hyderabad,2011,89000,Diesel,Automatic,22.69,1995.0,190.0,47.2 Lakh,13.95
Maruti Wagon R VXI 1.2,Kolkata,2014,37000,Petrol,Manual,21.5,1197.0,81.8,5.56 Lakh,2.8
Maruti Baleno Alpha,Chennai,2016,16000,Petrol,Manual,21.4,1197.0,83.1,8.8 Lakh,6.95
Tata Nexon 1.2 Revotron XZ Plus,Coimbatore,2018,17477,Petrol,Manual,17.0,1198.0,108.5,11.13 Lakh,9.62
Maruti Wagon R LXI,Kochi,2014,52431,Petrol,Manual,22.5,998.0,67.04,4.59 Lakh,3.01
Maruti Vitara Brezza ZDi Plus,Kochi,2018,57078,Diesel,Manual,24.3,1248.0,88.5,11.58 Lakh,10.19
Maruti Baleno Alpha Diesel,Hyderabad,2017,24000,Diesel,Manual,27.39,1248.0,74.0,10.63 Lakh,8.4
Maruti Baleno Alpha CVT,Mumbai,2018,3000,Petrol,Automatic,21.4,1197.0,83.1,10.3 Lakh,8.85
Honda City i-VTEC VX,Ahmedabad,2017,29000,Petrol,Manual,17.4,1497.0,117.3,12.68 Lakh,10.0
Hyundai Creta 1.6 SX Option Executive,Coimbatore,2018,44383,Petrol,Manual,15.8,1591.0,121.3,17.7 Lakh,13.25
Hyundai Creta 1.6 SX,Delhi,2016,69000,Petrol,Manual,15.8,1591.0,121.3,14.23 Lakh,9.7
Maruti Dzire AMT VDI,Coimbatore,2018,25082,Diesel,Automatic,28.4,1248.0,73.75,9.62 Lakh,8.37
Audi A4 35 TDI Premium Plus,Coimbatore,2014,28469,Diesel,Automatic,18.25,1968.0,187.74,53.14 Lakh,24.37
Ford Aspire Titanium Diesel,Kolkata,2017,60048,Diesel,Manual,26.1,1498.0,99.0,8.91 Lakh,6.0
Maruti Dzire AMT ZXI Plus,Coimbatore,2019,8018,Petrol,Automatic,22.0,1197.0,81.8,10.26 Lakh,8.3
Tata Tiago AMT 1.2 Revotron XZA,Pune,2018,2000,Petrol,Automatic,23.84,1199.0,83.83,6.94 Lakh,5.0
Honda Amaze V CVT Petrol,Kochi,2019,25717,Petrol,Automatic,19.0,1199.0,88.76,9.47 Lakh,8.86
Honda Jazz VX,Chennai,2017,8000,Petrol,Manual,18.2,1199.0,88.7,9.1 Lakh,7.9
Hyundai Creta 1.6 SX Option Diesel,Coimbatore,2019,24864,Diesel,Manual,20.5,1582.0,126.2,19.18 Lakh,16.27
Audi A3 35 TDI Premium Plus,Mumbai,2016,39000,Diesel,Automatic,20.38,1968.0,143.0,42.89 Lakh,18.9
Volkswagen Polo 1.5 TDI Comfortline,Jaipur,2015,66000,Diesel,Manual,20.14,1498.0,88.0,9.56 Lakh,4.91
BMW X3 xDrive 20d xLine,Kochi,2017,36723,Diesel,Automatic,18.56,1995.0,190.0,64.76 Lakh,32.57
Honda Jazz VX Diesel,Hyderabad,2017,17151,Diesel,Manual,27.3,1498.0,98.6,11.05 Lakh,8.4
Maruti Vitara Brezza LDi,Kochi,2018,32539,Diesel,Manual,24.3,1248.0,88.5,8.63 Lakh,8.39
Jeep Compass 2.0 Sport,Kolkata,2017,27000,Diesel,Manual,17.1,1956.0,170.0,18.45 Lakh,15.0
Maruti Vitara Brezza ZDi,Coimbatore,2017,58829,Diesel,Manual,24.3,1248.0,88.5,9.89 Lakh,9.05
Maruti Celerio LXI MT,Kolkata,2018,30000,Petrol,Manual,23.1,998.0,67.04,4.87 Lakh,3.75
Maruti Vitara Brezza ZDi,Coimbatore,2017,21789,Diesel,Manual,24.3,1248.0,88.5,11 Lakh,9.88
Hyundai Elite i20 Asta Option,Coimbatore,2019,21134,Petrol,Manual,18.6,1197.0,81.86,9.78 Lakh,8.78
Maruti Dzire VDI,Hyderabad,2013,68434,Diesel,Manual,28.4,1248.0,73.75,9.14 Lakh,5.5
Maruti Alto K10 VXI,Pune,2014,17000,Petrol,Manual,24.07,998.0,67.1,4.48 Lakh,2.1
Hyundai Verna CRDi 1.6 SX Option,Mumbai,2013,79225,Diesel,Manual,22.0,1582.0,126.2,15.57 Lakh,5.5
Maruti Wagon R VXI,Kochi,2019,31817,Petrol,Manual,22.5,998.0,67.04,5.12 Lakh,5.34
Tata Zest Quadrajet 1.3 75PS XE,Kolkata,2017,45000,Diesel,Manual,22.95,1248.0,74.0,7.94 Lakh,3.75
Nissan Micra XV CVT,Kolkata,2011,44000,Petrol,Automatic,19.15,1198.0,75.94,8.73 Lakh,2.65
Tata Zest Revotron 1.2 XT,Coimbatore,2015,27000,Petrol,Manual,17.57,1193.0,88.7,8.69 Lakh,5.27
Honda Jazz VX Diesel,Chennai,2016,14980,Diesel,Manual,27.3,1498.0,98.6,10.81 Lakh,7.4
Mercedes-Benz CLA 200 CDI Sport,Jaipur,2017,39000,Diesel,Automatic,17.9,2143.0,136.0,42.4 Lakh,27.0
Toyota Corolla Altis 1.8 GL,Coimbatore,2015,53920,Petrol,Manual,14.28,1798.0,138.03,23.37 Lakh,10.77
Tata Zest Revotron 1.2T XM,Kochi,2015,39208,Petrol,Manual,17.57,1193.0,88.7,7.63 Lakh,4.52
Honda City i-VTEC VX,Coimbatore,2013,38622,Petrol,Manual,17.4,1497.0,117.3,12.68 Lakh,6.26
Hyundai Verna CRDi 1.6 AT SX Plus,Bangalore,2012,79000,Diesel,Automatic,22.0,1582.0,126.2,16.6 Lakh,5.25
Renault KWID Climber 1.0 AMT,Coimbatore,2018,38171,Petrol,Automatic,22.5,999.0,67.0,5.72 Lakh,4.99
Renault KWID 1.0 RXT Optional AMT,Kochi,2017,53105,Petrol,Automatic,22.5,999.0,67.0,4.93 Lakh,4.41
Mahindra Bolero ZLX,Coimbatore,2017,68557,Diesel,Manual,15.96,2523.0,62.1,11.28 Lakh,8.14
Volkswagen Vento 1.5 TDI Highline,Hyderabad,2016,34000,Diesel,Manual,20.64,1498.0,108.5,14.2 Lakh,8.45
BMW 3 Series 320d,Bangalore,2012,73000,Diesel,Automatic,22.69,1995.0,190.0,48.79 Lakh,12.5
Ford EcoSport 1.5 Diesel Trend,Kochi,2017,63423,Diesel,Manual,23.0,1498.0,98.96,10.42 Lakh,7.69
Hyundai Creta 1.6 SX Option,Kochi,2018,53322,Petrol,Manual,15.8,1591.0,121.3,16.06 Lakh,12.13
Ford EcoSport 1.5 Petrol Titanium,Hyderabad,2017,21800,Petrol,Manual,17.0,1497.0,121.36,11.27 Lakh,8.75
Ford Freestyle Titanium Plus Petrol,Jaipur,2018,1001,Petrol,Manual,19.0,1194.0,94.68,8.44 Lakh,7.23
Maruti Vitara Brezza ZDi Plus Dual Tone,Pune,2016,85000,Diesel,Manual,24.3,1248.0,88.5,11.96 Lakh,8.9
Toyota Etios Cross 1.4L VD,Jaipur,2014,62322,Diesel,Manual,23.59,1364.0,67.06,9.55 Lakh,4.9
Maruti Alto K10 VXI,Kochi,2015,37929,Petrol,Manual,24.07,998.0,67.1,4.09 Lakh,3.69
Tata Tiago 1.2 Revotron XM Option,Chennai,2016,5400,Petrol,Manual,23.84,1199.0,84.0,5.45 Lakh,3.98
Volkswagen Ameo 1.2 MPI Highline,Kochi,2017,14576,Petrol,Manual,17.0,1198.0,73.75,8.38 Lakh,6.69
Honda BRV i-VTEC V CVT,Mumbai,2017,17000,Petrol,Automatic,16.0,1497.0,117.3,15.02 Lakh,9.5
Maruti Celerio ZXI Optional AMT,Kochi,2018,12278,Petrol,Automatic,23.1,998.0,67.04,5.95 Lakh,5.63
Hyundai Creta 1.6 SX,Coimbatore,2018,17665,Petrol,Manual,15.8,1591.0,121.3,15.36 Lakh,11.78
Tata Zest Revotron 1.2T XE,Kolkata,2017,65000,Petrol,Manual,17.57,1193.0,88.7,6.59 Lakh,4.8
Volkswagen Vento 1.6 Comfortline,Kolkata,2014,38000,Petrol,Manual,16.09,1598.0,103.5,10.94 Lakh,3.49
Volkswagen Polo 1.5 TDI Highline,Hyderabad,2016,29647,Diesel,Manual,20.14,1498.0,88.0,10.15 Lakh,6.3
Maruti Baleno RS Petrol,Kochi,2018,43639,Petrol,Manual,21.1,998.0,100.0,9.83 Lakh,8.15
BMW 3 Series Luxury Line,Bangalore,2017,21000,Diesel,Automatic,21.76,1995.0,190.0,62.07 Lakh,35.0
Maruti Dzire VXI,Pune,2013,74000,Petrol,Manual,22.0,1197.0,81.8,7.67 Lakh,4.5
Volkswagen Polo 1.5 TDI Highline,Chennai,2017,25000,Diesel,Manual,20.14,1498.0,88.0,9.97 Lakh,6.9
Audi A6 35 TDI Matrix,Chennai,2015,20000,Diesel,Automatic,18.53,1968.0,187.74,67.67 Lakh,35.5
Hyundai Grand i10 1.2 CRDi Sportz,Kochi,2018,32663,Diesel,Manual,24.0,1186.0,73.97,8.18 Lakh,6.28
Tata Bolt Quadrajet XE,Hyderabad,2016,100303,Diesel,Manual,22.95,1248.0,74.0,7.43 Lakh,3.7
Maruti Eeco 7 Seater Standard,Mumbai,2014,34670,Petrol,Manual,15.1,1196.0,73.0,4.71 Lakh,2.9
Hyundai Grand i10 1.2 CRDi Sportz,Delhi,2015,59261,Diesel,Manual,24.0,1186.0,73.97,8.18 Lakh,4.25
BMW 3 Series 320d Luxury Line,Hyderabad,2015,47000,Diesel,Automatic,22.69,1995.0,190.0,53.68 Lakh,29.5
Ford Ecosport Signature Edition Diesel,Ahmedabad,2018,13000,Diesel,Manual,23.0,1498.0,98.96,12.12 Lakh,10.9
Maruti Celerio ZXI MT,Bangalore,2015,48808,Petrol,Manual,23.1,998.0,67.04,6.05 Lakh,4.3
Hyundai i20 Active SX Dual Tone Petrol,Pune,2019,1000,Petrol,Manual,17.19,1197.0,81.86,10.25 Lakh,8.6
Volkswagen Ameo 1.5 TDI Highline,Pune,2016,20000,Diesel,Manual,21.66,1498.0,108.62,10.04 Lakh,6.75
Volkswagen Polo GT TSI,Kochi,2015,26323,Petrol,Automatic,17.21,1197.0,103.5,10.83 Lakh,7.4
Mahindra Bolero ZLX,Jaipur,2016,65000,Diesel,Manual,15.96,2523.0,62.1,11.15 Lakh,7.21
Hyundai Xcent 1.2 CRDi S,Kolkata,2017,51000,Diesel,Manual,25.4,1186.0,73.97,8.23 Lakh,4.2
Toyota Innova Crysta 2.4 GX MT,Hyderabad,2016,73000,Diesel,Manual,13.68,2393.0,147.8,19.37 Lakh,16.5
Maruti Swift LDI,Jaipur,2015,39437,Diesel,Manual,28.4,1248.0,74.0,7.01 Lakh,5.15
Tata Zest Revotron 1.2T XM,Mumbai,2014,36000,Petrol,Manual,17.57,1193.0,88.7,7.63 Lakh,3.7
Hyundai Grand i10 1.2 Kappa Magna,Pune,2010,45252,Petrol,Manual,18.9,1197.0,81.86,6.8 Lakh,2.25
Maruti Ertiga VDI,Kochi,2018,51236,Diesel,Manual,25.47,1248.0,88.5,10.83 Lakh,8.49
Maruti Dzire AMT VXI,Chennai,2017,42000,Petrol,Automatic,22.0,1197.0,81.8,8.13 Lakh,5.5
Toyota Corolla Altis 1.8 VL CVT,Coimbatore,2016,82725,Petrol,Automatic,14.28,1798.0,138.03,25.27 Lakh,11.99
BMW 3 Series Sport,Mumbai,2016,19000,Diesel,Automatic,21.76,1995.0,190.0,57.3 Lakh,29.99
Maruti Wagon R VXI AMT,Delhi,2016,30000,Petrol,Automatic,22.5,998.0,67.0,5.68 Lakh,4.25
Maruti Vitara Brezza ZDi Plus Dual Tone,Delhi,2016,22000,Diesel,Manual,24.3,1248.0,88.5,11.75 Lakh,8.25
Honda WR-V Edge Edition i-VTEC S,Kochi,2019,13913,Petrol,Manual,17.5,1199.0,88.7,9.36 Lakh,8.2
Mercedes-Benz GLA Class 200 d Style,Kochi,2016,26212,Diesel,Automatic,17.9,2143.0,136.0,38.72 Lakh,24.46
Tata Zest Revotron 1.2T XMS,Pune,2014,23500,Petrol,Manual,17.57,1193.0,88.7,7.7 Lakh,3.9
Maruti Wagon R VXI AMT1.2,Mumbai,2015,26000,Petrol,Automatic,21.5,1197.0,81.8,6.43 Lakh,3.65
Hyundai Xcent 1.2 CRDi S,Kolkata,2016,26000,Diesel,Manual,25.4,1186.0,73.97,8.23 Lakh,5.0
Maruti Wagon R VXI,Jaipur,2017,35362,Petrol,Manual,22.5,998.0,67.04,5.44 Lakh,3.85
BMW 3 Series 320d,Bangalore,2010,58000,Diesel,Automatic,22.69,1995.0,190.0,48.79 Lakh,11.5
Renault KWID Climber 1.0 AMT,Chennai,2018,14000,Petrol,Automatic,22.5,999.0,67.0,5.67 Lakh,4.5
Hyundai Creta 1.6 SX Option Diesel,Coimbatore,2016,47392,Diesel,Manual,20.5,1582.0,126.2,19.18 Lakh,13.82
Maruti Dzire LDI,Pune,2017,48000,Diesel,Manual,28.4,1248.0,73.75,7.91 Lakh,6.0
Renault KWID RXL,Jaipur,2016,26000,Petrol,Manual,25.17,799.0,53.3,3.96 Lakh,2.55
Maruti Alto K10 VXI,Jaipur,2016,35000,Petrol,Manual,24.07,998.0,67.1,4.24 Lakh,3.0
Mini Cooper 3 DOOR S,Kochi,2016,21110,Petrol,Automatic,17.44,1998.0,189.08,39.27 Lakh,28.95
Toyota Etios Liva 1.2 G,Coimbatore,2015,64005,Petrol,Manual,17.71,1197.0,78.9,6.41 Lakh,4.57
Nissan Micra XV CVT,Mumbai,2015,34895,Petrol,Automatic,19.15,1198.0,75.94,9.47 Lakh,4.6
Toyota Innova Crysta 2.8 GX AT,Kochi,2017,20789,Diesel,Automatic,11.36,2755.0,171.5,20.74 Lakh,18.36
BMW 5 Series 520d Luxury Line,Coimbatore,2016,75637,Diesel,Automatic,22.48,1995.0,190.0,71.82 Lakh,30.37
Renault KWID RXT Optional,Kochi,2019,6568,Petrol,Manual,25.17,799.0,53.3,4.78 Lakh,5.09
BMW 3 Series 320d Luxury Line,Kochi,2016,62404,Diesel,Automatic,22.69,1995.0,190.0,54.43 Lakh,21.33
Renault Duster 110PS Diesel RxZ AWD,Chennai,2012,80000,Diesel,Manual,19.72,1461.0,108.45,15.94 Lakh,6.75
Toyota Fortuner 2.8 2WD AT,Coimbatore,2019,28069,Diesel,Automatic,12.9,2755.0,174.5,34.45 Lakh,30.85
Nissan Sunny XV D,Chennai,2012,70000,Diesel,Manual,22.71,1461.0,84.8,11.48 Lakh,4.0
Maruti Wagon R ZXI AMT 1.2,Mumbai,2019,600,Petrol,Automatic,21.5,1197.0,81.8,6.8 Lakh,6.25
Tata Tigor XE Diesel,Ahmedabad,2017,16235,Diesel,Manual,24.7,1047.0,69.0,7.15 Lakh,5.5
Skoda Superb Style 1.8 TSI AT,Kochi,2017,73641,Petrol,Automatic,14.67,1798.0,177.46,33.36 Lakh,17.08
Hyundai Verna VTVT 1.6 AT SX Plus,Mumbai,2012,75059,Petrol,Automatic,17.0,1591.0,121.3,13.7 Lakh,4.25
Toyota Etios 1.4 VXD,Pune,2018,3000,Diesel,Manual,23.59,1364.0,67.04,10.63 Lakh,7.9
Volkswagen Polo 1.5 TDI Highline,Coimbatore,2014,52951,Diesel,Manual,20.14,1498.0,88.0,10.32 Lakh,5.65
Volkswagen Vento 1.5 TDI Highline,Hyderabad,2017,28000,Diesel,Manual,20.64,1498.0,108.5,14.2 Lakh,10.0
Hyundai Grand i10 1.2 Kappa Magna,Delhi,2017,46000,Petrol,Manual,18.9,1197.0,81.86,6.54 Lakh,4.75
Maruti Baleno Zeta,Coimbatore,2018,33150,Petrol,Manual,21.4,1197.0,83.1,8.71 Lakh,7.39
Honda City i-VTEC VX,Ahmedabad,2012,34000,Petrol,Manual,17.4,1497.0,117.3,12.68 Lakh,5.75
Honda BRV i-VTEC V CVT,Mumbai,2017,16503,Petrol,Automatic,16.0,1497.0,117.3,15.02 Lakh,9.5
Honda City i-VTEC CVT V,Kochi,2019,22321,Petrol,Automatic,18.0,1497.0,117.3,13.4 Lakh,11.66
Mahindra KUV 100 G80 K8 Dual Tone,Delhi,2018,42000,Petrol,Manual,18.15,1198.0,82.0,7.96 Lakh,5.5
Honda City i-VTEC V,Kochi,2018,11732,Petrol,Manual,17.4,1497.0,117.3,11.88 Lakh,10.07
Toyota Innova Crysta 2.4 VX MT,Kolkata,2017,31000,Diesel,Manual,13.68,2393.0,147.8,21.36 Lakh,16.95
Volvo S60 D4 Momentum,Hyderabad,2014,51000,Diesel,Automatic,27.03,1969.0,190.0,45.67 Lakh,21.5
Honda Brio 1.2 S Option MT,Delhi,2012,40315,Petrol,Manual,18.5,1198.0,86.8,5.92 Lakh,2.75
Tata Tiago 1.2 Revotron XZ,Coimbatore,2019,20712,Petrol,Manual,23.84,1199.0,84.0,6.59 Lakh,6.94
Nissan Terrano XL D Option,Kochi,2015,58817,Diesel,Manual,19.87,1461.0,83.14,15.06 Lakh,6.25
Tata Tiago 1.2 Revotron XZ,Hyderabad,2017,22000,Petrol,Manual,23.84,1199.0,84.0,6.42 Lakh,4.8
Renault KWID RXL,Kochi,2019,7858,Petrol,Manual,25.17,799.0,53.3,4.04 Lakh,3.8
Honda Amaze VX Petrol,Mumbai,2014,21000,Petrol,Manual,19.5,1199.0,86.76,8.99 Lakh,4.75
Volkswagen Vento 1.5 TDI Highline AT,Pune,2016,19000,Diesel,Automatic,21.5,1498.0,108.5,15.68 Lakh,10.0
Skoda Rapid 1.6 MPI Ambition,Coimbatore,2019,21214,Petrol,Manual,15.41,1598.0,103.52,12.44 Lakh,9.66
Maruti Celerio VXI AMT,Kolkata,2016,30000,Petrol,Automatic,23.1,998.0,67.04,5.77 Lakh,3.8
Renault KWID RXT Optional,Kochi,2017,21954,Petrol,Manual,25.17,799.0,53.3,4.78 Lakh,3.7
Nissan Micra XV CVT,Coimbatore,2017,54387,Petrol,Automatic,19.15,1198.0,75.94,9.51 Lakh,5.85
Renault KWID RXT Optional,Mumbai,2018,1617,Petrol,Manual,25.17,799.0,53.3,4.78 Lakh,4.29
Honda City i-DTEC SV,Hyderabad,2015,82000,Diesel,Manual,25.6,1498.0,98.6,13.33 Lakh,8.0
Hyundai Grand i10 1.2 Kappa Sportz,Kochi,2016,28147,Petrol,Manual,18.9,1197.0,81.86,6.62 Lakh,5.07
Renault Duster 110PS Diesel RxZ,Bangalore,2014,70000,Diesel,Manual,19.6,1461.0,108.45,15.01 Lakh,8.25
Skoda Superb L&K 2.0 TDI AT,Mumbai,2017,35000,Diesel,Automatic,18.19,1968.0,174.5,40.73 Lakh,25.75
Maruti Vitara Brezza ZDi Plus Dual Tone,Kochi,2017,21248,Diesel,Manual,24.3,1248.0,88.5,11.75 Lakh,9.44
Mitsubishi Pajero Sport 4X4,Jaipur,2014,70000,Diesel,Manual,13.5,2477.0,175.56,33.21 Lakh,11.85
Hyundai Creta 1.6 SX,Hyderabad,2018,9900,Petrol,Manual,15.8,1591.0,121.3,14.72 Lakh,13.2
Renault Duster 110PS Diesel RxZ AMT,Coimbatore,2017,34686,Diesel,Automatic,19.6,1461.0,108.45,15.05 Lakh,11.86
Skoda Superb Style 2.0 TDI AT,Mumbai,2017,42000,Diesel,Automatic,18.19,1968.0,174.5,36.94 Lakh,22.99
Mahindra NuvoSport N6,Coimbatore,2018,37323,Diesel,Manual,17.45,1493.0,100.0,10.52 Lakh,7.29
Maruti Dzire LDI,Pune,2018,27000,Diesel,Manual,28.4,1248.0,73.75,7.91 Lakh,5.9
Renault KWID RXL,Pune,2018,1000,Petrol,Manual,25.17,799.0,53.3,4.45 Lakh,3.4
Maruti Ertiga VXI AT Petrol,Mumbai,2017,28000,Petrol,Automatic,18.69,1462.0,103.0,10.65 Lakh,8.0
Hyundai Verna VTVT 1.6 AT SX Option,Mumbai,2018,8000,Petrol,Automatic,17.0,1591.0,121.3,15.14 Lakh,12.85
Mercedes-Benz GLA Class 200 Sport,Kochi,2018,17773,Petrol,Automatic,13.7,1991.0,183.0,39.22 Lakh,26.76
Volkswagen Polo 1.5 TDI Highline,Hyderabad,2013,65000,Diesel,Manual,20.14,1498.0,88.0,10.15 Lakh,3.5
Volkswagen Ameo 1.2 MPI Highline,Ahmedabad,2016,34005,Petrol,Manual,17.0,1198.0,73.75,8.09 Lakh,5.75
Maruti Baleno Alpha,Mumbai,2017,6000,Petrol,Manual,21.4,1197.0,83.1,8.78 Lakh,7.5
Tata Hexa XTA,Jaipur,2016,39000,Diesel,Automatic,17.6,2179.0,153.86,21 Lakh,13.5
Tata Tiago 1.2 Revotron XT,Kochi,2017,15386,Petrol,Manual,23.84,1199.0,84.0,5.56 Lakh,5.11
Audi A4 35 TDI Premium Plus,Coimbatore,2013,58629,Diesel,Automatic,18.25,1968.0,187.74,53.14 Lakh,16.52
Tata Bolt Revotron XT,Chennai,2016,10000,Petrol,Manual,17.57,1193.0,88.7,7.77 Lakh,4.0
Volkswagen Vento 1.6 Highline,Mumbai,2011,38000,Petrol,Manual,16.09,1598.0,103.5,11.91 Lakh,3.25
Maruti Vitara Brezza VDi,Pune,2016,37208,Diesel,Manual,24.3,1248.0,88.5,9.93 Lakh,7.43
Honda Brio 1.2 VX MT,Delhi,2013,33746,Petrol,Manual,18.5,1198.0,86.8,6.63 Lakh,3.2
Maruti Swift VDI,Delhi,2014,27365,Diesel,Manual,28.4,1248.0,74.0,7.88 Lakh,4.75
